[2026-02-02T03:43:20.182+0000][14568][gc,init] CardTable entry size: 512
[2026-02-02T03:43:20.182+0000][14568][gc     ] Using G1
[2026-02-02T03:43:23.253+0000][14568][gc,init] Version: 21.0.2+13-58 (release)
[2026-02-02T03:43:23.253+0000][14568][gc,init] CPUs: 16 total, 16 available
[2026-02-02T03:43:23.253+0000][14568][gc,init] Memory: 16109M
[2026-02-02T03:43:23.253+0000][14568][gc,init] Large Page Support: Disabled
[2026-02-02T03:43:23.253+0000][14568][gc,init] NUMA Support: Disabled
[2026-02-02T03:43:23.253+0000][14568][gc,init] Compressed Oops: Enabled (Zero based)
[2026-02-02T03:43:23.253+0000][14568][gc,init] Heap Region Size: 4M
[2026-02-02T03:43:23.253+0000][14568][gc,init] Heap Min Capacity: 8056M
[2026-02-02T03:43:23.253+0000][14568][gc,init] Heap Initial Capacity: 8056M
[2026-02-02T03:43:23.253+0000][14568][gc,init] Heap Max Capacity: 8056M
[2026-02-02T03:43:23.253+0000][14568][gc,init] Pre-touch: Enabled
[2026-02-02T03:43:23.253+0000][14568][gc,init] Parallel Workers: 13
[2026-02-02T03:43:23.253+0000][14568][gc,init] Concurrent Workers: 3
[2026-02-02T03:43:23.253+0000][14568][gc,init] Concurrent Refinement Workers: 13
[2026-02-02T03:43:23.253+0000][14568][gc,init] Periodic GC: Disabled
[2026-02-02T03:43:23.276+0000][14568][gc,metaspace] CDS archive(s) mapped at: [0x000002260b000000-0x000002260bc90000-0x000002260bc90000), size 13172736, SharedBaseAddress: 0x000002260b000000, ArchiveRelocationMode: 1.
[2026-02-02T03:43:23.276+0000][14568][gc,metaspace] Compressed class space mapped at: 0x000002260c000000-0x000002264c000000, reserved size: 1073741824
[2026-02-02T03:43:23.276+0000][14568][gc,metaspace] Narrow klass base: 0x000002260b000000, Narrow klass shift: 0, Narrow klass range: 0x100000000
[2026-02-02T03:43:23.775+0000][14568][safepoint   ] Safepoint "ICBufferFull", Time since last: 481792300 ns, Reaching safepoint: 16400 ns, Cleanup: 92500 ns, At safepoint: 28500 ns, Total: 137400 ns
[2026-02-02T03:43:24.217+0000][14568][safepoint   ] Safepoint "ICBufferFull", Time since last: 441591000 ns, Reaching safepoint: 2500 ns, Cleanup: 64400 ns, At safepoint: 1000 ns, Total: 67900 ns
[2026-02-02T03:43:24.491+0000][14568][safepoint   ] Safepoint "ICBufferFull", Time since last: 273016600 ns, Reaching safepoint: 3300 ns, Cleanup: 75200 ns, At safepoint: 1200 ns, Total: 79700 ns
[2026-02-02T03:43:24.982+0000][14568][safepoint   ] Safepoint "ICBufferFull", Time since last: 494819600 ns, Reaching safepoint: 3100 ns, Cleanup: 105300 ns, At safepoint: 8100 ns, Total: 116500 ns
[2026-02-02T03:43:25.537+0000][14568][safepoint   ] Safepoint "ICBufferFull", Time since last: 560696000 ns, Reaching safepoint: 3300 ns, Cleanup: 83100 ns, At safepoint: 6500 ns, Total: 92900 ns
[2026-02-02T03:43:25.626+0000][14568][gc,start    ] GC(0) Pause Young (Normal) (G1 Evacuation Pause)
[2026-02-02T03:43:25.626+0000][14568][gc,task     ] GC(0) Using 13 workers of 13 for evacuation
[2026-02-02T03:43:25.626+0000][14568][gc,age      ] GC(0) Desired survivor size 27262976 bytes, new threshold 15 (max threshold 15)
[2026-02-02T03:43:25.634+0000][14568][gc,phases   ] GC(0)   Pre Evacuate Collection Set: 0.3ms
[2026-02-02T03:43:25.634+0000][14568][gc,phases   ] GC(0)   Merge Heap Roots: 0.3ms
[2026-02-02T03:43:25.634+0000][14568][gc,phases   ] GC(0)   Evacuate Collection Set: 5.5ms
[2026-02-02T03:43:25.634+0000][14568][gc,phases   ] GC(0)   Post Evacuate Collection Set: 1.4ms
[2026-02-02T03:43:25.634+0000][14568][gc,phases   ] GC(0)   Other: 0.5ms
[2026-02-02T03:43:25.634+0000][14568][gc,age      ] GC(0) Age table with threshold 15 (max threshold 15)
[2026-02-02T03:43:25.634+0000][14568][gc,age      ] GC(0) - age   1:   13120128 bytes,   13120128 total
[2026-02-02T03:43:25.634+0000][14568][gc,heap     ] GC(0) Eden regions: 100->0(96)
[2026-02-02T03:43:25.634+0000][14568][gc,heap     ] GC(0) Survivor regions: 0->4(13)
[2026-02-02T03:43:25.634+0000][14568][gc,heap     ] GC(0) Old regions: 0->0
[2026-02-02T03:43:25.634+0000][14568][gc,heap     ] GC(0) Humongous regions: 0->0
[2026-02-02T03:43:25.634+0000][14568][gc,metaspace] GC(0) Metaspace: 18094K(18496K)->18094K(18496K) NonClass: 15991K(16192K)->15991K(16192K) Class: 2102K(2304K)->2102K(2304K)
[2026-02-02T03:43:25.634+0000][14568][gc          ] GC(0) Pause Young (Normal) (G1 Evacuation Pause) 400M->13M(8056M) 9.084ms
[2026-02-02T03:43:25.634+0000][14568][gc,cpu      ] GC(0) User=0.06s Sys=0.14s Real=0.01s
[2026-02-02T03:43:25.634+0000][14568][safepoint   ] Safepoint "G1CollectForAllocation", Time since last: 78473800 ns, Reaching safepoint: 11400 ns, Cleanup: 21100 ns, At safepoint: 9255800 ns, Total: 9288300 ns
[2026-02-02T03:43:26.077+0000][14568][gc,start    ] GC(1) Pause Young (Normal) (G1 Evacuation Pause)
[2026-02-02T03:43:26.077+0000][14568][gc,task     ] GC(1) Using 13 workers of 13 for evacuation
[2026-02-02T03:43:26.077+0000][14568][gc,age      ] GC(1) Desired survivor size 27262976 bytes, new threshold 15 (max threshold 15)
[2026-02-02T03:43:26.085+0000][14568][gc,phases   ] GC(1)   Pre Evacuate Collection Set: 0.4ms
[2026-02-02T03:43:26.085+0000][14568][gc,phases   ] GC(1)   Merge Heap Roots: 0.1ms
[2026-02-02T03:43:26.085+0000][14568][gc,phases   ] GC(1)   Evacuate Collection Set: 4.3ms
[2026-02-02T03:43:26.085+0000][14568][gc,phases   ] GC(1)   Post Evacuate Collection Set: 0.9ms
[2026-02-02T03:43:26.085+0000][14568][gc,phases   ] GC(1)   Other: 0.1ms
[2026-02-02T03:43:26.085+0000][14568][gc,age      ] GC(1) Age table with threshold 15 (max threshold 15)
[2026-02-02T03:43:26.085+0000][14568][gc,age      ] GC(1) - age   1:    3253824 bytes,    3253824 total
[2026-02-02T03:43:26.085+0000][14568][gc,age      ] GC(1) - age   2:   12317648 bytes,   15571472 total
[2026-02-02T03:43:26.085+0000][14568][gc,heap     ] GC(1) Eden regions: 96->0(96)
[2026-02-02T03:43:26.085+0000][14568][gc,heap     ] GC(1) Survivor regions: 4->4(13)
[2026-02-02T03:43:26.085+0000][14568][gc,heap     ] GC(1) Old regions: 0->0
[2026-02-02T03:43:26.085+0000][14568][gc,heap     ] GC(1) Humongous regions: 0->0
[2026-02-02T03:43:26.085+0000][14568][gc,metaspace] GC(1) Metaspace: 19000K(19456K)->19000K(19456K) NonClass: 16777K(17024K)->16777K(17024K) Class: 2222K(2432K)->2222K(2432K)
[2026-02-02T03:43:26.085+0000][14568][gc          ] GC(1) Pause Young (Normal) (G1 Evacuation Pause) 397M->16M(8056M) 5.996ms
[2026-02-02T03:43:26.085+0000][14568][gc,cpu      ] GC(1) User=0.02s Sys=0.09s Real=0.01s
[2026-02-02T03:43:26.085+0000][14568][safepoint   ] Safepoint "G1CollectForAllocation", Time since last: 444308700 ns, Reaching safepoint: 4800 ns, Cleanup: 41800 ns, At safepoint: 6045100 ns, Total: 6091700 ns
[2026-02-02T03:43:26.385+0000][14568][gc,start    ] GC(2) Pause Young (Normal) (G1 Evacuation Pause)
[2026-02-02T03:43:26.385+0000][14568][gc,task     ] GC(2) Using 13 workers of 13 for evacuation
[2026-02-02T03:43:26.385+0000][14568][gc,age      ] GC(2) Desired survivor size 27262976 bytes, new threshold 15 (max threshold 15)
[2026-02-02T03:43:26.399+0000][14568][gc,phases   ] GC(2)   Pre Evacuate Collection Set: 0.3ms
[2026-02-02T03:43:26.399+0000][14568][gc,phases   ] GC(2)   Merge Heap Roots: 0.2ms
[2026-02-02T03:43:26.399+0000][14568][gc,phases   ] GC(2)   Evacuate Collection Set: 4.4ms
[2026-02-02T03:43:26.399+0000][14568][gc,phases   ] GC(2)   Post Evacuate Collection Set: 0.9ms
[2026-02-02T03:43:26.399+0000][14568][gc,phases   ] GC(2)   Other: 0.1ms
[2026-02-02T03:43:26.399+0000][14568][gc,age      ] GC(2) Age table with threshold 15 (max threshold 15)
[2026-02-02T03:43:26.399+0000][14568][gc,age      ] GC(2) - age   1:    1980104 bytes,    1980104 total
[2026-02-02T03:43:26.399+0000][14568][gc,age      ] GC(2) - age   2:    3247576 bytes,    5227680 total
[2026-02-02T03:43:26.399+0000][14568][gc,age      ] GC(2) - age   3:   12317088 bytes,   17544768 total
[2026-02-02T03:43:26.399+0000][14568][gc,heap     ] GC(2) Eden regions: 96->0(105)
[2026-02-02T03:43:26.399+0000][14568][gc,heap     ] GC(2) Survivor regions: 4->5(13)
[2026-02-02T03:43:26.399+0000][14568][gc,heap     ] GC(2) Old regions: 0->0
[2026-02-02T03:43:26.399+0000][14568][gc,heap     ] GC(2) Humongous regions: 0->0
[2026-02-02T03:43:26.399+0000][14568][gc,metaspace] GC(2) Metaspace: 19734K(20224K)->19734K(20224K) NonClass: 17407K(17728K)->17407K(17728K) Class: 2326K(2496K)->2326K(2496K)
[2026-02-02T03:43:26.399+0000][14568][gc          ] GC(2) Pause Young (Normal) (G1 Evacuation Pause) 400M->18M(8056M) 6.528ms
[2026-02-02T03:43:26.399+0000][14568][gc,cpu      ] GC(2) User=0.02s Sys=0.00s Real=0.01s
[2026-02-02T03:43:26.401+0000][14568][safepoint   ] Safepoint "G1CollectForAllocation", Time since last: 308837100 ns, Reaching safepoint: 3800 ns, Cleanup: 36100 ns, At safepoint: 6591600 ns, Total: 6631500 ns
[2026-02-02T03:43:26.749+0000][14568][gc,start    ] GC(3) Pause Young (Concurrent Start) (Metadata GC Threshold)
[2026-02-02T03:43:26.749+0000][14568][gc,task     ] GC(3) Using 13 workers of 13 for evacuation
[2026-02-02T03:43:26.749+0000][14568][gc,age      ] GC(3) Desired survivor size 29360128 bytes, new threshold 15 (max threshold 15)
[2026-02-02T03:43:26.757+0000][14568][gc,phases   ] GC(3)   Pre Evacuate Collection Set: 0.4ms
[2026-02-02T03:43:26.757+0000][14568][gc,phases   ] GC(3)   Merge Heap Roots: 0.1ms
[2026-02-02T03:43:26.757+0000][14568][gc,phases   ] GC(3)   Evacuate Collection Set: 6.2ms
[2026-02-02T03:43:26.757+0000][14568][gc,phases   ] GC(3)   Post Evacuate Collection Set: 1.0ms
[2026-02-02T03:43:26.757+0000][14568][gc,phases   ] GC(3)   Other: 0.2ms
[2026-02-02T03:43:26.757+0000][14568][gc,age      ] GC(3) Age table with threshold 15 (max threshold 15)
[2026-02-02T03:43:26.757+0000][14568][gc,age      ] GC(3) - age   1:    1780112 bytes,    1780112 total
[2026-02-02T03:43:26.757+0000][14568][gc,age      ] GC(3) - age   2:    1371496 bytes,    3151608 total
[2026-02-02T03:43:26.757+0000][14568][gc,age      ] GC(3) - age   3:    3242640 bytes,    6394248 total
[2026-02-02T03:43:26.757+0000][14568][gc,age      ] GC(3) - age   4:   12311376 bytes,   18705624 total
[2026-02-02T03:43:26.757+0000][14568][gc,heap     ] GC(3) Eden regions: 95->0(115)
[2026-02-02T03:43:26.757+0000][14568][gc,heap     ] GC(3) Survivor regions: 5->5(14)
[2026-02-02T03:43:26.757+0000][14568][gc,heap     ] GC(3) Old regions: 0->0
[2026-02-02T03:43:26.757+0000][14568][gc,heap     ] GC(3) Humongous regions: 0->0
[2026-02-02T03:43:26.757+0000][14568][gc,metaspace] GC(3) Metaspace: 20994K(21504K)->20994K(21504K) NonClass: 18487K(18816K)->18487K(18816K) Class: 2506K(2688K)->2506K(2688K)
[2026-02-02T03:43:26.757+0000][14568][gc          ] GC(3) Pause Young (Concurrent Start) (Metadata GC Threshold) 398M->20M(8056M) 8.227ms
[2026-02-02T03:43:26.757+0000][14568][gc          ] GC(4) Concurrent Mark Cycle
[2026-02-02T03:43:26.757+0000][14568][gc,cpu      ] GC(3) User=0.02s Sys=0.03s Real=0.01s
[2026-02-02T03:43:26.757+0000][14568][gc,marking  ] GC(4) Concurrent Scan Root Regions
[2026-02-02T03:43:26.757+0000][14568][safepoint   ] Safepoint "CollectForMetadataAllocation", Time since last: 349836500 ns, Reaching safepoint: 2700 ns, Cleanup: 23100 ns, At safepoint: 8420800 ns, Total: 8446600 ns
[2026-02-02T03:43:26.757+0000][14568][gc,marking  ] GC(4) Concurrent Scan Root Regions 2.260ms
[2026-02-02T03:43:26.757+0000][14568][gc,marking  ] GC(4) Concurrent Mark
[2026-02-02T03:43:26.757+0000][14568][gc,marking  ] GC(4) Concurrent Mark From Roots
[2026-02-02T03:43:26.757+0000][14568][gc,task     ] GC(4) Using 3 workers of 3 for marking
[2026-02-02T03:43:26.757+0000][14568][gc,marking  ] GC(4) Concurrent Mark From Roots 0.349ms
[2026-02-02T03:43:26.757+0000][14568][gc,marking  ] GC(4) Concurrent Preclean
[2026-02-02T03:43:26.757+0000][14568][gc,marking  ] GC(4) Concurrent Preclean 0.007ms
[2026-02-02T03:43:26.757+0000][14568][gc,start    ] GC(4) Pause Remark
[2026-02-02T03:43:26.764+0000][14568][gc          ] GC(4) Pause Remark 22M->22M(8056M) 3.243ms
[2026-02-02T03:43:26.764+0000][14568][gc,cpu      ] GC(4) User=0.00s Sys=0.00s Real=0.01s
[2026-02-02T03:43:26.764+0000][14568][safepoint   ] Safepoint "G1PauseRemark", Time since last: 2690800 ns, Reaching safepoint: 5100 ns, Cleanup: 17200 ns, At safepoint: 3340900 ns, Total: 3363200 ns
[2026-02-02T03:43:26.764+0000][14568][gc,marking  ] GC(4) Concurrent Mark 3.878ms
[2026-02-02T03:43:26.764+0000][14568][gc,marking  ] GC(4) Concurrent Rebuild Remembered Sets and Scrub Regions
[2026-02-02T03:43:26.764+0000][14568][gc,marking  ] GC(4) Concurrent Rebuild Remembered Sets and Scrub Regions 0.152ms
[2026-02-02T03:43:26.764+0000][14568][gc,start    ] GC(4) Pause Cleanup
[2026-02-02T03:43:26.764+0000][14568][gc          ] GC(4) Pause Cleanup 22M->22M(8056M) 0.020ms
[2026-02-02T03:43:26.764+0000][14568][gc,cpu      ] GC(4) User=0.00s Sys=0.00s Real=0.00s
[2026-02-02T03:43:26.764+0000][14568][safepoint   ] Safepoint "G1PauseCleanup", Time since last: 292100 ns, Reaching safepoint: 12300 ns, Cleanup: 2300 ns, At safepoint: 45800 ns, Total: 60400 ns
[2026-02-02T03:43:26.764+0000][14568][gc,marking  ] GC(4) Concurrent Clear Claimed Marks
[2026-02-02T03:43:26.764+0000][14568][gc,marking  ] GC(4) Concurrent Clear Claimed Marks 0.047ms
[2026-02-02T03:43:26.764+0000][14568][gc,marking  ] GC(4) Concurrent Cleanup for Next Mark
[2026-02-02T03:43:26.774+0000][14568][gc,marking  ] GC(4) Concurrent Cleanup for Next Mark 8.632ms
[2026-02-02T03:43:26.774+0000][14568][gc          ] GC(4) Concurrent Mark Cycle 15.395ms
[2026-02-02T03:43:27.142+0000][14568][gc,start    ] GC(5) Pause Young (Normal) (G1 Evacuation Pause)
[2026-02-02T03:43:27.142+0000][14568][gc,task     ] GC(5) Using 13 workers of 13 for evacuation
[2026-02-02T03:43:27.142+0000][14568][gc,age      ] GC(5) Desired survivor size 31457280 bytes, new threshold 15 (max threshold 15)
[2026-02-02T03:43:27.149+0000][14568][gc,phases   ] GC(5)   Pre Evacuate Collection Set: 0.4ms
[2026-02-02T03:43:27.149+0000][14568][gc,phases   ] GC(5)   Merge Heap Roots: 0.2ms
[2026-02-02T03:43:27.149+0000][14568][gc,phases   ] GC(5)   Evacuate Collection Set: 6.3ms
[2026-02-02T03:43:27.149+0000][14568][gc,phases   ] GC(5)   Post Evacuate Collection Set: 1.1ms
[2026-02-02T03:43:27.149+0000][14568][gc,phases   ] GC(5)   Other: 0.1ms
[2026-02-02T03:43:27.149+0000][14568][gc,age      ] GC(5) Age table with threshold 15 (max threshold 15)
[2026-02-02T03:43:27.149+0000][14568][gc,age      ] GC(5) - age   1:    2182336 bytes,    2182336 total
[2026-02-02T03:43:27.149+0000][14568][gc,age      ] GC(5) - age   2:    1764208 bytes,    3946544 total
[2026-02-02T03:43:27.149+0000][14568][gc,age      ] GC(5) - age   3:    1370376 bytes,    5316920 total
[2026-02-02T03:43:27.149+0000][14568][gc,age      ] GC(5) - age   4:    3242512 bytes,    8559432 total
[2026-02-02T03:43:27.149+0000][14568][gc,age      ] GC(5) - age   5:   12308856 bytes,   20868288 total
[2026-02-02T03:43:27.149+0000][14568][gc,heap     ] GC(5) Eden regions: 115->0(185)
[2026-02-02T03:43:27.149+0000][14568][gc,heap     ] GC(5) Survivor regions: 5->6(15)
[2026-02-02T03:43:27.149+0000][14568][gc,heap     ] GC(5) Old regions: 0->0
[2026-02-02T03:43:27.149+0000][14568][gc,heap     ] GC(5) Humongous regions: 0->0
[2026-02-02T03:43:27.149+0000][14568][gc,metaspace] GC(5) Metaspace: 22069K(22720K)->22069K(22720K) NonClass: 19429K(19840K)->19429K(19840K) Class: 2639K(2880K)->2639K(2880K)
[2026-02-02T03:43:27.149+0000][14568][gc          ] GC(5) Pause Young (Normal) (G1 Evacuation Pause) 480M->21M(8056M) 8.350ms
[2026-02-02T03:43:27.149+0000][14568][gc,cpu      ] GC(5) User=0.02s Sys=0.05s Real=0.01s
[2026-02-02T03:43:27.149+0000][14568][safepoint   ] Safepoint "G1CollectForAllocation", Time since last: 376689500 ns, Reaching safepoint: 5200 ns, Cleanup: 36400 ns, At safepoint: 8478900 ns, Total: 8520500 ns
[2026-02-02T03:43:28.157+0000][14568][safepoint   ] Safepoint "Cleanup", Time since last: 1006724300 ns, Reaching safepoint: 2700 ns, Cleanup: 83100 ns, At safepoint: 14800 ns, Total: 100600 ns
[2026-02-02T03:43:28.620+0000][14568][safepoint   ] Safepoint "ICBufferFull", Time since last: 463991400 ns, Reaching safepoint: 4100 ns, Cleanup: 94900 ns, At safepoint: 7300 ns, Total: 106300 ns
[2026-02-02T03:43:29.215+0000][14568][safepoint   ] Safepoint "ICBufferFull", Time since last: 601745500 ns, Reaching safepoint: 5600 ns, Cleanup: 70200 ns, At safepoint: 9200 ns, Total: 85000 ns
[2026-02-02T03:43:29.522+0000][14568][gc,start    ] GC(6) Pause Young (Concurrent Start) (Metadata GC Threshold)
[2026-02-02T03:43:29.522+0000][14568][gc,task     ] GC(6) Using 13 workers of 13 for evacuation
[2026-02-02T03:43:29.522+0000][14568][gc,age      ] GC(6) Desired survivor size 50331648 bytes, new threshold 15 (max threshold 15)
[2026-02-02T03:43:29.541+0000][14568][gc,phases   ] GC(6)   Pre Evacuate Collection Set: 0.3ms
[2026-02-02T03:43:29.541+0000][14568][gc,phases   ] GC(6)   Merge Heap Roots: 0.1ms
[2026-02-02T03:43:29.541+0000][14568][gc,phases   ] GC(6)   Evacuate Collection Set: 15.9ms
[2026-02-02T03:43:29.541+0000][14568][gc,phases   ] GC(6)   Post Evacuate Collection Set: 1.4ms
[2026-02-02T03:43:29.541+0000][14568][gc,phases   ] GC(6)   Other: 0.1ms
[2026-02-02T03:43:29.541+0000][14568][gc,age      ] GC(6) Age table with threshold 15 (max threshold 15)
[2026-02-02T03:43:29.541+0000][14568][gc,age      ] GC(6) - age   1:   27036568 bytes,   27036568 total
[2026-02-02T03:43:29.541+0000][14568][gc,age      ] GC(6) - age   2:    1029736 bytes,   28066304 total
[2026-02-02T03:43:29.541+0000][14568][gc,age      ] GC(6) - age   3:    1742984 bytes,   29809288 total
[2026-02-02T03:43:29.541+0000][14568][gc,age      ] GC(6) - age   4:    1355656 bytes,   31164944 total
[2026-02-02T03:43:29.541+0000][14568][gc,age      ] GC(6) - age   5:    3223496 bytes,   34388440 total
[2026-02-02T03:43:29.541+0000][14568][gc,age      ] GC(6) - age   6:   12144592 bytes,   46533032 total
[2026-02-02T03:43:29.541+0000][14568][gc,heap     ] GC(6) Eden regions: 122->0(1196)
[2026-02-02T03:43:29.541+0000][14568][gc,heap     ] GC(6) Survivor regions: 6->12(24)
[2026-02-02T03:43:29.541+0000][14568][gc,heap     ] GC(6) Old regions: 0->0
[2026-02-02T03:43:29.541+0000][14568][gc,heap     ] GC(6) Humongous regions: 0->0
[2026-02-02T03:43:29.541+0000][14568][gc,metaspace] GC(6) Metaspace: 34958K(35968K)->34958K(35968K) NonClass: 30466K(31104K)->30466K(31104K) Class: 4492K(4864K)->4492K(4864K)
[2026-02-02T03:43:29.541+0000][14568][gc          ] GC(6) Pause Young (Concurrent Start) (Metadata GC Threshold) 509M->46M(8056M) 18.018ms
[2026-02-02T03:43:29.541+0000][14568][gc          ] GC(7) Concurrent Mark Cycle
[2026-02-02T03:43:29.541+0000][14568][gc,cpu      ] GC(6) User=0.00s Sys=0.08s Real=0.02s
[2026-02-02T03:43:29.541+0000][14568][gc,marking  ] GC(7) Concurrent Scan Root Regions
[2026-02-02T03:43:29.541+0000][14568][safepoint   ] Safepoint "CollectForMetadataAllocation", Time since last: 300952900 ns, Reaching safepoint: 2700 ns, Cleanup: 30700 ns, At safepoint: 18127700 ns, Total: 18161100 ns
[2026-02-02T03:43:29.541+0000][14568][gc,marking  ] GC(7) Concurrent Scan Root Regions 5.107ms
[2026-02-02T03:43:29.548+0000][14568][gc,marking  ] GC(7) Concurrent Mark
[2026-02-02T03:43:29.548+0000][14568][gc,marking  ] GC(7) Concurrent Mark From Roots
[2026-02-02T03:43:29.548+0000][14568][gc,task     ] GC(7) Using 3 workers of 3 for marking
[2026-02-02T03:43:29.548+0000][14568][gc,marking  ] GC(7) Concurrent Mark From Roots 0.340ms
[2026-02-02T03:43:29.548+0000][14568][gc,marking  ] GC(7) Concurrent Preclean
[2026-02-02T03:43:29.548+0000][14568][gc,marking  ] GC(7) Concurrent Preclean 0.007ms
[2026-02-02T03:43:29.548+0000][14568][gc,start    ] GC(7) Pause Remark
[2026-02-02T03:43:29.548+0000][14568][gc          ] GC(7) Pause Remark 49M->49M(8056M) 4.132ms
[2026-02-02T03:43:29.548+0000][14568][gc,cpu      ] GC(7) User=0.00s Sys=0.02s Real=0.00s
[2026-02-02T03:43:29.548+0000][14568][safepoint   ] Safepoint "G1PauseRemark", Time since last: 5479900 ns, Reaching safepoint: 13100 ns, Cleanup: 6900 ns, At safepoint: 4211300 ns, Total: 4231300 ns
[2026-02-02T03:43:29.548+0000][14568][gc,marking  ] GC(7) Concurrent Mark 4.633ms
[2026-02-02T03:43:29.548+0000][14568][gc,marking  ] GC(7) Concurrent Rebuild Remembered Sets and Scrub Regions
[2026-02-02T03:43:29.548+0000][14568][gc,marking  ] GC(7) Concurrent Rebuild Remembered Sets and Scrub Regions 0.185ms
[2026-02-02T03:43:29.548+0000][14568][gc,start    ] GC(7) Pause Cleanup
[2026-02-02T03:43:29.548+0000][14568][gc          ] GC(7) Pause Cleanup 49M->49M(8056M) 0.015ms
[2026-02-02T03:43:29.548+0000][14568][gc,cpu      ] GC(7) User=0.00s Sys=0.00s Real=0.00s
[2026-02-02T03:43:29.548+0000][14568][safepoint   ] Safepoint "G1PauseCleanup", Time since last: 259800 ns, Reaching safepoint: 32100 ns, Cleanup: 5500 ns, At safepoint: 37300 ns, Total: 74900 ns
[2026-02-02T03:43:29.548+0000][14568][gc,marking  ] GC(7) Concurrent Clear Claimed Marks
[2026-02-02T03:43:29.548+0000][14568][gc,marking  ] GC(7) Concurrent Clear Claimed Marks 0.038ms
[2026-02-02T03:43:29.548+0000][14568][gc,marking  ] GC(7) Concurrent Cleanup for Next Mark
[2026-02-02T03:43:29.558+0000][14568][gc,marking  ] GC(7) Concurrent Cleanup for Next Mark 5.121ms
[2026-02-02T03:43:29.558+0000][14568][gc          ] GC(7) Concurrent Mark Cycle 15.364ms
[2026-02-02T03:43:30.441+0000][14568][safepoint   ] Safepoint "ICBufferFull", Time since last: 894196100 ns, Reaching safepoint: 12800 ns, Cleanup: 70700 ns, At safepoint: 4500 ns, Total: 88000 ns
[2026-02-02T03:43:30.956+0000][14568][safepoint   ] Safepoint "ICBufferFull", Time since last: 510963700 ns, Reaching safepoint: 3700 ns, Cleanup: 83400 ns, At safepoint: 1400 ns, Total: 88500 ns
[2026-02-02T03:43:31.489+0000][14568][gc,start    ] GC(8) Pause Young (Concurrent Start) (Metadata GC Threshold)
[2026-02-02T03:43:31.489+0000][14568][gc,task     ] GC(8) Using 13 workers of 13 for evacuation
[2026-02-02T03:43:31.489+0000][14568][gc,age      ] GC(8) Desired survivor size 316669952 bytes, new threshold 15 (max threshold 15)
[2026-02-02T03:43:31.514+0000][14568][gc,phases   ] GC(8)   Pre Evacuate Collection Set: 0.6ms
[2026-02-02T03:43:31.514+0000][14568][gc,phases   ] GC(8)   Merge Heap Roots: 0.2ms
[2026-02-02T03:43:31.514+0000][14568][gc,phases   ] GC(8)   Evacuate Collection Set: 14.7ms
[2026-02-02T03:43:31.514+0000][14568][gc,phases   ] GC(8)   Post Evacuate Collection Set: 2.6ms
[2026-02-02T03:43:31.514+0000][14568][gc,phases   ] GC(8)   Other: 0.2ms
[2026-02-02T03:43:31.514+0000][14568][gc,age      ] GC(8) Age table with threshold 15 (max threshold 15)
[2026-02-02T03:43:31.514+0000][14568][gc,age      ] GC(8) - age   1:    9671664 bytes,    9671664 total
[2026-02-02T03:43:31.514+0000][14568][gc,age      ] GC(8) - age   2:   26631728 bytes,   36303392 total
[2026-02-02T03:43:31.514+0000][14568][gc,age      ] GC(8) - age   3:    1011896 bytes,   37315288 total
[2026-02-02T03:43:31.514+0000][14568][gc,age      ] GC(8) - age   4:    1730832 bytes,   39046120 total
[2026-02-02T03:43:31.514+0000][14568][gc,age      ] GC(8) - age   5:    1351920 bytes,   40398040 total
[2026-02-02T03:43:31.514+0000][14568][gc,age      ] GC(8) - age   6:    3214504 bytes,   43612544 total
[2026-02-02T03:43:31.514+0000][14568][gc,age      ] GC(8) - age   7:   12105672 bytes,   55718216 total
[2026-02-02T03:43:31.514+0000][14568][gc,heap     ] GC(8) Eden regions: 96->0(341)
[2026-02-02T03:43:31.514+0000][14568][gc,heap     ] GC(8) Survivor regions: 12->15(151)
[2026-02-02T03:43:31.514+0000][14568][gc,heap     ] GC(8) Old regions: 0->0
[2026-02-02T03:43:31.514+0000][14568][gc,heap     ] GC(8) Humongous regions: 0->0
[2026-02-02T03:43:31.514+0000][14568][gc,metaspace] GC(8) Metaspace: 58978K(60288K)->58978K(60288K) NonClass: 51120K(51904K)->51120K(51904K) Class: 7857K(8384K)->7857K(8384K)
[2026-02-02T03:43:31.514+0000][14568][gc          ] GC(8) Pause Young (Concurrent Start) (Metadata GC Threshold) 430M->60M(8056M) 18.481ms
[2026-02-02T03:43:31.514+0000][14568][gc,cpu      ] GC(8) User=0.06s Sys=0.03s Real=0.02s
[2026-02-02T03:43:31.514+0000][14568][gc          ] GC(9) Concurrent Mark Cycle
[2026-02-02T03:43:31.514+0000][14568][gc,marking  ] GC(9) Concurrent Scan Root Regions
[2026-02-02T03:43:31.514+0000][14568][safepoint   ] Safepoint "CollectForMetadataAllocation", Time since last: 537551900 ns, Reaching safepoint: 4100 ns, Cleanup: 82600 ns, At safepoint: 18707500 ns, Total: 18794200 ns
[2026-02-02T03:43:31.519+0000][14568][gc,marking  ] GC(9) Concurrent Scan Root Regions 6.681ms
[2026-02-02T03:43:31.519+0000][14568][gc,marking  ] GC(9) Concurrent Mark
[2026-02-02T03:43:31.519+0000][14568][gc,marking  ] GC(9) Concurrent Mark From Roots
[2026-02-02T03:43:31.519+0000][14568][gc,task     ] GC(9) Using 3 workers of 3 for marking
[2026-02-02T03:43:31.519+0000][14568][gc,marking  ] GC(9) Concurrent Mark From Roots 0.344ms
[2026-02-02T03:43:31.519+0000][14568][gc,marking  ] GC(9) Concurrent Preclean
[2026-02-02T03:43:31.519+0000][14568][gc,marking  ] GC(9) Concurrent Preclean 0.009ms
[2026-02-02T03:43:31.519+0000][14568][gc,start    ] GC(9) Pause Remark
[2026-02-02T03:43:31.519+0000][14568][gc          ] GC(9) Pause Remark 66M->66M(8056M) 6.190ms
[2026-02-02T03:43:31.519+0000][14568][gc,cpu      ] GC(9) User=0.00s Sys=0.00s Real=0.00s
[2026-02-02T03:43:31.519+0000][14568][safepoint   ] Safepoint "G1PauseRemark", Time since last: 7059000 ns, Reaching safepoint: 2800 ns, Cleanup: 2900 ns, At safepoint: 6296600 ns, Total: 6302300 ns
[2026-02-02T03:43:31.519+0000][14568][gc,marking  ] GC(9) Concurrent Mark 6.879ms
[2026-02-02T03:43:31.519+0000][14568][gc,marking  ] GC(9) Concurrent Rebuild Remembered Sets and Scrub Regions
[2026-02-02T03:43:31.519+0000][14568][gc,marking  ] GC(9) Concurrent Rebuild Remembered Sets and Scrub Regions 0.117ms
[2026-02-02T03:43:31.519+0000][14568][gc,start    ] GC(9) Pause Cleanup
[2026-02-02T03:43:31.519+0000][14568][gc          ] GC(9) Pause Cleanup 66M->66M(8056M) 0.012ms
[2026-02-02T03:43:31.519+0000][14568][gc,cpu      ] GC(9) User=0.00s Sys=0.00s Real=0.00s
[2026-02-02T03:43:31.519+0000][14568][safepoint   ] Safepoint "G1PauseCleanup", Time since last: 284100 ns, Reaching safepoint: 22300 ns, Cleanup: 6300 ns, At safepoint: 34200 ns, Total: 62800 ns
[2026-02-02T03:43:31.519+0000][14568][gc,marking  ] GC(9) Concurrent Clear Claimed Marks
[2026-02-02T03:43:31.519+0000][14568][gc,marking  ] GC(9) Concurrent Clear Claimed Marks 0.050ms
[2026-02-02T03:43:31.519+0000][14568][gc,marking  ] GC(9) Concurrent Cleanup for Next Mark
[2026-02-02T03:43:31.530+0000][14568][gc,marking  ] GC(9) Concurrent Cleanup for Next Mark 5.002ms
[2026-02-02T03:43:31.530+0000][14568][gc          ] GC(9) Concurrent Mark Cycle 19.072ms
[2026-02-02T03:43:32.276+0000][14568][safepoint   ] Safepoint "ICBufferFull", Time since last: 757826300 ns, Reaching safepoint: 3400 ns, Cleanup: 95500 ns, At safepoint: 1500 ns, Total: 100400 ns
[2026-02-02T03:43:33.068+0000][14568][safepoint   ] Safepoint "ICBufferFull", Time since last: 793114800 ns, Reaching safepoint: 2700 ns, Cleanup: 80900 ns, At safepoint: 5300 ns, Total: 88900 ns
[2026-02-02T03:43:33.533+0000][14568][safepoint   ] Safepoint "ICBufferFull", Time since last: 460030000 ns, Reaching safepoint: 3700 ns, Cleanup: 88200 ns, At safepoint: 10600 ns, Total: 102500 ns
[2026-02-02T03:43:34.104+0000][14568][safepoint   ] Safepoint "ICBufferFull", Time since last: 575660000 ns, Reaching safepoint: 4900 ns, Cleanup: 85500 ns, At safepoint: 12600 ns, Total: 103000 ns
[2026-02-02T03:43:34.413+0000][14568][safepoint   ] Safepoint "ICBufferFull", Time since last: 300167900 ns, Reaching safepoint: 11900 ns, Cleanup: 108200 ns, At safepoint: 15000 ns, Total: 135100 ns
[2026-02-02T03:43:34.708+0000][14568][gc,start    ] GC(10) Pause Young (Concurrent Start) (Metadata GC Threshold)
[2026-02-02T03:43:34.708+0000][14568][gc,task     ] GC(10) Using 13 workers of 13 for evacuation
[2026-02-02T03:43:34.708+0000][14568][gc,age      ] GC(10) Desired survivor size 94371840 bytes, new threshold 15 (max threshold 15)
[2026-02-02T03:43:34.738+0000][14568][gc,phases   ] GC(10)   Pre Evacuate Collection Set: 0.3ms
[2026-02-02T03:43:34.738+0000][14568][gc,phases   ] GC(10)   Merge Heap Roots: 0.1ms
[2026-02-02T03:43:34.738+0000][14568][gc,phases   ] GC(10)   Evacuate Collection Set: 19.8ms
[2026-02-02T03:43:34.738+0000][14568][gc,phases   ] GC(10)   Post Evacuate Collection Set: 2.3ms
[2026-02-02T03:43:34.738+0000][14568][gc,phases   ] GC(10)   Other: 0.1ms
[2026-02-02T03:43:34.738+0000][14568][gc,age      ] GC(10) Age table with threshold 15 (max threshold 15)
[2026-02-02T03:43:34.738+0000][14568][gc,age      ] GC(10) - age   1:   17699064 bytes,   17699064 total
[2026-02-02T03:43:34.738+0000][14568][gc,age      ] GC(10) - age   2:    9069248 bytes,   26768312 total
[2026-02-02T03:43:34.738+0000][14568][gc,age      ] GC(10) - age   3:   26552296 bytes,   53320608 total
[2026-02-02T03:43:34.738+0000][14568][gc,age      ] GC(10) - age   4:    1005688 bytes,   54326296 total
[2026-02-02T03:43:34.738+0000][14568][gc,age      ] GC(10) - age   5:    1706576 bytes,   56032872 total
[2026-02-02T03:43:34.738+0000][14568][gc,age      ] GC(10) - age   6:    1345496 bytes,   57378368 total
[2026-02-02T03:43:34.738+0000][14568][gc,age      ] GC(10) - age   7:    3209400 bytes,   60587768 total
[2026-02-02T03:43:34.738+0000][14568][gc,age      ] GC(10) - age   8:   12035432 bytes,   72623200 total
[2026-02-02T03:43:34.738+0000][14568][gc,heap     ] GC(10) Eden regions: 119->0(429)
[2026-02-02T03:43:34.738+0000][14568][gc,heap     ] GC(10) Survivor regions: 15->19(45)
[2026-02-02T03:43:34.738+0000][14568][gc,heap     ] GC(10) Old regions: 0->0
[2026-02-02T03:43:34.738+0000][14568][gc,heap     ] GC(10) Humongous regions: 0->0
[2026-02-02T03:43:34.738+0000][14568][gc,metaspace] GC(10) Metaspace: 97853K(100736K)->97853K(100736K) NonClass: 84165K(85696K)->84165K(85696K) Class: 13688K(15040K)->13688K(15040K)
[2026-02-02T03:43:34.738+0000][14568][gc          ] GC(10) Pause Young (Concurrent Start) (Metadata GC Threshold) 534M->74M(8056M) 22.994ms
[2026-02-02T03:43:34.738+0000][14568][gc          ] GC(11) Concurrent Mark Cycle
[2026-02-02T03:43:34.738+0000][14568][gc,cpu      ] GC(10) User=0.11s Sys=0.14s Real=0.03s
[2026-02-02T03:43:34.738+0000][14568][gc,marking  ] GC(11) Concurrent Scan Root Regions
[2026-02-02T03:43:34.738+0000][14568][safepoint   ] Safepoint "CollectForMetadataAllocation", Time since last: 301847500 ns, Reaching safepoint: 8300 ns, Cleanup: 74400 ns, At safepoint: 23145100 ns, Total: 23227800 ns
[2026-02-02T03:43:34.748+0000][14568][gc,marking  ] GC(11) Concurrent Scan Root Regions 8.862ms
[2026-02-02T03:43:34.748+0000][14568][gc,marking  ] GC(11) Concurrent Mark
[2026-02-02T03:43:34.748+0000][14568][gc,marking  ] GC(11) Concurrent Mark From Roots
[2026-02-02T03:43:34.748+0000][14568][gc,task     ] GC(11) Using 3 workers of 3 for marking
[2026-02-02T03:43:34.748+0000][14568][gc,marking  ] GC(11) Concurrent Mark From Roots 0.349ms
[2026-02-02T03:43:34.748+0000][14568][gc,marking  ] GC(11) Concurrent Preclean
[2026-02-02T03:43:34.748+0000][14568][gc,marking  ] GC(11) Concurrent Preclean 0.014ms
[2026-02-02T03:43:34.748+0000][14568][gc,start    ] GC(11) Pause Remark
[2026-02-02T03:43:34.753+0000][14568][gc          ] GC(11) Pause Remark 78M->78M(8056M) 4.309ms
[2026-02-02T03:43:34.753+0000][14568][gc,cpu      ] GC(11) User=0.00s Sys=0.00s Real=0.01s
[2026-02-02T03:43:34.753+0000][14568][safepoint   ] Safepoint "G1PauseRemark", Time since last: 9283600 ns, Reaching safepoint: 13000 ns, Cleanup: 4400 ns, At safepoint: 4473400 ns, Total: 4490800 ns
[2026-02-02T03:43:34.753+0000][14568][gc,marking  ] GC(11) Concurrent Mark 4.952ms
[2026-02-02T03:43:34.753+0000][14568][gc,marking  ] GC(11) Concurrent Rebuild Remembered Sets and Scrub Regions
[2026-02-02T03:43:34.753+0000][14568][gc,marking  ] GC(11) Concurrent Rebuild Remembered Sets and Scrub Regions 0.097ms
[2026-02-02T03:43:34.753+0000][14568][gc,start    ] GC(11) Pause Cleanup
[2026-02-02T03:43:34.753+0000][14568][gc          ] GC(11) Pause Cleanup 78M->78M(8056M) 0.017ms
[2026-02-02T03:43:34.753+0000][14568][gc,cpu      ] GC(11) User=0.00s Sys=0.00s Real=0.00s
[2026-02-02T03:43:34.753+0000][14568][safepoint   ] Safepoint "G1PauseCleanup", Time since last: 214900 ns, Reaching safepoint: 4600 ns, Cleanup: 8700 ns, At safepoint: 44400 ns, Total: 57700 ns
[2026-02-02T03:43:34.753+0000][14568][gc,marking  ] GC(11) Concurrent Clear Claimed Marks
[2026-02-02T03:43:34.753+0000][14568][gc,marking  ] GC(11) Concurrent Clear Claimed Marks 0.449ms
[2026-02-02T03:43:34.753+0000][14568][gc,marking  ] GC(11) Concurrent Cleanup for Next Mark
[2026-02-02T03:43:34.753+0000][14568][gc,marking  ] GC(11) Concurrent Cleanup for Next Mark 3.982ms
[2026-02-02T03:43:34.753+0000][14568][gc          ] GC(11) Concurrent Mark Cycle 18.694ms
[2026-02-02T03:43:35.153+0000][14568][safepoint   ] Safepoint "ICBufferFull", Time since last: 405186400 ns, Reaching safepoint: 7200 ns, Cleanup: 92500 ns, At safepoint: 29500 ns, Total: 129200 ns
[2026-02-02T03:43:35.424+0000][14568][safepoint   ] Safepoint "ICBufferFull", Time since last: 268699600 ns, Reaching safepoint: 8600 ns, Cleanup: 102400 ns, At safepoint: 14400 ns, Total: 125400 ns
[2026-02-02T03:43:35.986+0000][14568][safepoint   ] Safepoint "ICBufferFull", Time since last: 565110400 ns, Reaching safepoint: 5100 ns, Cleanup: 87000 ns, At safepoint: 1100 ns, Total: 93200 ns
[2026-02-02T03:43:37.295+0000][14568][safepoint   ] Safepoint "Cleanup", Time since last: 1302672500 ns, Reaching safepoint: 28500 ns, Cleanup: 57200 ns, At safepoint: 4500 ns, Total: 90200 ns
[2026-02-02T03:43:38.301+0000][14568][safepoint   ] Safepoint "Cleanup", Time since last: 1005418400 ns, Reaching safepoint: 12300 ns, Cleanup: 28700 ns, At safepoint: 1700 ns, Total: 42700 ns
[2026-02-02T03:43:39.302+0000][14568][safepoint   ] Safepoint "Cleanup", Time since last: 1001015400 ns, Reaching safepoint: 15400 ns, Cleanup: 24600 ns, At safepoint: 2600 ns, Total: 42600 ns
[2026-02-02T03:43:41.317+0000][14568][safepoint   ] Safepoint "Cleanup", Time since last: 2014442300 ns, Reaching safepoint: 11900 ns, Cleanup: 12000 ns, At safepoint: 1900 ns, Total: 25800 ns
[2026-02-02T03:43:42.318+0000][14568][safepoint   ] Safepoint "Cleanup", Time since last: 1000705500 ns, Reaching safepoint: 14700 ns, Cleanup: 16200 ns, At safepoint: 2200 ns, Total: 33100 ns
[2026-02-02T03:43:46.354+0000][14568][safepoint   ] Safepoint "Cleanup", Time since last: 4036763700 ns, Reaching safepoint: 17000 ns, Cleanup: 18100 ns, At safepoint: 2100 ns, Total: 37200 ns
[2026-02-02T03:43:48.370+0000][14568][safepoint   ] Safepoint "Cleanup", Time since last: 2015210200 ns, Reaching safepoint: 12100 ns, Cleanup: 12000 ns, At safepoint: 2000 ns, Total: 26100 ns
[2026-02-02T03:43:54.413+0000][14568][safepoint   ] Safepoint "Cleanup", Time since last: 6043142900 ns, Reaching safepoint: 14100 ns, Cleanup: 15100 ns, At safepoint: 1700 ns, Total: 30900 ns
[2026-02-02T03:43:55.423+0000][14568][safepoint   ] Safepoint "Cleanup", Time since last: 1010464300 ns, Reaching safepoint: 38900 ns, Cleanup: 30300 ns, At safepoint: 3500 ns, Total: 72700 ns
[2026-02-02T03:43:56.435+0000][14568][safepoint   ] Safepoint "Cleanup", Time since last: 1011623100 ns, Reaching safepoint: 34700 ns, Cleanup: 37300 ns, At safepoint: 4300 ns, Total: 76300 ns
[2026-02-02T03:43:57.441+0000][14568][safepoint   ] Safepoint "Cleanup", Time since last: 1006147300 ns, Reaching safepoint: 12600 ns, Cleanup: 17400 ns, At safepoint: 2200 ns, Total: 32200 ns
[2026-02-02T03:43:58.444+0000][14568][safepoint   ] Safepoint "Cleanup", Time since last: 1002791400 ns, Reaching safepoint: 15800 ns, Cleanup: 15700 ns, At safepoint: 2000 ns, Total: 33500 ns
[2026-02-02T03:44:02.483+0000][14568][safepoint   ] Safepoint "Cleanup", Time since last: 4038653700 ns, Reaching safepoint: 14000 ns, Cleanup: 16800 ns, At safepoint: 2200 ns, Total: 33000 ns
[2026-02-02T03:44:03.487+0000][14568][safepoint   ] Safepoint "Cleanup", Time since last: 1004560000 ns, Reaching safepoint: 16100 ns, Cleanup: 21200 ns, At safepoint: 3700 ns, Total: 41000 ns
[2026-02-02T03:44:04.491+0000][14568][safepoint   ] Safepoint "Cleanup", Time since last: 1003739700 ns, Reaching safepoint: 14100 ns, Cleanup: 19000 ns, At safepoint: 3000 ns, Total: 36100 ns
[2026-02-02T03:44:05.493+0000][14568][safepoint   ] Safepoint "Cleanup", Time since last: 1001327200 ns, Reaching safepoint: 10200 ns, Cleanup: 19000 ns, At safepoint: 1900 ns, Total: 31100 ns
[2026-02-02T03:44:06.508+0000][14568][safepoint   ] Safepoint "Cleanup", Time since last: 1015078500 ns, Reaching safepoint: 35800 ns, Cleanup: 13000 ns, At safepoint: 1700 ns, Total: 50500 ns
[2026-02-02T03:44:08.520+0000][14568][safepoint   ] Safepoint "Cleanup", Time since last: 2012687800 ns, Reaching safepoint: 27600 ns, Cleanup: 28500 ns, At safepoint: 4300 ns, Total: 60400 ns
[2026-02-02T03:44:09.535+0000][14568][safepoint   ] Safepoint "Cleanup", Time since last: 1013886900 ns, Reaching safepoint: 306600 ns, Cleanup: 20000 ns, At safepoint: 3400 ns, Total: 330000 ns
[2026-02-02T03:44:11.558+0000][14568][safepoint   ] Safepoint "Cleanup", Time since last: 2022866200 ns, Reaching safepoint: 14500 ns, Cleanup: 70900 ns, At safepoint: 4400 ns, Total: 89800 ns
[2026-02-02T03:44:12.570+0000][14568][safepoint   ] Safepoint "Cleanup", Time since last: 1012234100 ns, Reaching safepoint: 11100 ns, Cleanup: 12200 ns, At safepoint: 1700 ns, Total: 25000 ns
[2026-02-02T03:44:13.578+0000][14568][safepoint   ] Safepoint "Cleanup", Time since last: 1008423000 ns, Reaching safepoint: 17300 ns, Cleanup: 21600 ns, At safepoint: 2800 ns, Total: 41700 ns
[2026-02-02T03:44:14.584+0000][14568][safepoint   ] Safepoint "Cleanup", Time since last: 1005671000 ns, Reaching safepoint: 21100 ns, Cleanup: 31900 ns, At safepoint: 3700 ns, Total: 56700 ns
[2026-02-02T03:44:16.604+0000][14568][safepoint   ] Safepoint "Cleanup", Time since last: 2019355800 ns, Reaching safepoint: 15900 ns, Cleanup: 17700 ns, At safepoint: 2000 ns, Total: 35600 ns
[2026-02-02T03:44:22.215+0000][14568][safepoint   ] Safepoint "Cleanup", Time since last: 5611499900 ns, Reaching safepoint: 14900 ns, Cleanup: 21400 ns, At safepoint: 2400 ns, Total: 38700 ns
[2026-02-02T03:44:24.241+0000][14568][safepoint   ] Safepoint "Cleanup", Time since last: 2026152400 ns, Reaching safepoint: 8900 ns, Cleanup: 14300 ns, At safepoint: 1700 ns, Total: 24900 ns
[2026-02-02T03:44:25.256+0000][14568][safepoint   ] Safepoint "Cleanup", Time since last: 1015038300 ns, Reaching safepoint: 8200 ns, Cleanup: 10900 ns, At safepoint: 1500 ns, Total: 20600 ns
[2026-02-02T03:44:30.286+0000][14568][safepoint   ] Safepoint "Cleanup", Time since last: 5029390100 ns, Reaching safepoint: 10200 ns, Cleanup: 14500 ns, At safepoint: 2100 ns, Total: 26800 ns
[2026-02-02T03:44:31.302+0000][14568][safepoint   ] Safepoint "Cleanup", Time since last: 1015481700 ns, Reaching safepoint: 10300 ns, Cleanup: 39000 ns, At safepoint: 1600 ns, Total: 50900 ns
[2026-02-02T03:44:32.317+0000][14568][safepoint   ] Safepoint "Cleanup", Time since last: 1015645400 ns, Reaching safepoint: 13600 ns, Cleanup: 18000 ns, At safepoint: 1900 ns, Total: 33500 ns
[2026-02-02T03:44:33.326+0000][14568][safepoint   ] Safepoint "Cleanup", Time since last: 1009295200 ns, Reaching safepoint: 16800 ns, Cleanup: 19300 ns, At safepoint: 14000 ns, Total: 50100 ns
[2026-02-02T03:44:46.445+0000][14568][safepoint   ] Safepoint "Cleanup", Time since last: 13118821300 ns, Reaching safepoint: 12400 ns, Cleanup: 17100 ns, At safepoint: 1900 ns, Total: 31400 ns
[2026-02-02T03:44:59.567+0000][14568][safepoint   ] Safepoint "Cleanup", Time since last: 13121806200 ns, Reaching safepoint: 13500 ns, Cleanup: 16300 ns, At safepoint: 2000 ns, Total: 31800 ns
[2026-02-02T03:45:01.582+0000][14568][safepoint   ] Safepoint "Cleanup", Time since last: 2015162800 ns, Reaching safepoint: 14700 ns, Cleanup: 13700 ns, At safepoint: 2600 ns, Total: 31000 ns
[2026-02-02T03:45:04.610+0000][14568][safepoint   ] Safepoint "Cleanup", Time since last: 3027693000 ns, Reaching safepoint: 15700 ns, Cleanup: 13000 ns, At safepoint: 1800 ns, Total: 30500 ns
[2026-02-02T03:45:05.611+0000][14568][safepoint   ] Safepoint "Cleanup", Time since last: 1001269900 ns, Reaching safepoint: 14200 ns, Cleanup: 25100 ns, At safepoint: 2700 ns, Total: 42000 ns
[2026-02-02T03:45:06.626+0000][14568][safepoint   ] Safepoint "Cleanup", Time since last: 1014420900 ns, Reaching safepoint: 15700 ns, Cleanup: 20500 ns, At safepoint: 2300 ns, Total: 38500 ns
[2026-02-02T03:45:29.319+0000][14568][safepoint   ] Safepoint "Cleanup", Time since last: 22693377200 ns, Reaching safepoint: 14600 ns, Cleanup: 19300 ns, At safepoint: 2600 ns, Total: 36500 ns
[2026-02-02T03:45:35.389+0000][14568][safepoint   ] Safepoint "Cleanup", Time since last: 6070253400 ns, Reaching safepoint: 16700 ns, Cleanup: 24200 ns, At safepoint: 2100 ns, Total: 43000 ns
[2026-02-02T03:45:36.402+0000][14568][safepoint   ] Safepoint "Cleanup", Time since last: 1012541700 ns, Reaching safepoint: 14900 ns, Cleanup: 14600 ns, At safepoint: 2300 ns, Total: 31800 ns
[2026-02-02T03:45:41.434+0000][14568][safepoint   ] Safepoint "Cleanup", Time since last: 5031959700 ns, Reaching safepoint: 9400 ns, Cleanup: 16200 ns, At safepoint: 1900 ns, Total: 27500 ns
[2026-02-02T03:45:42.444+0000][14568][safepoint   ] Safepoint "Cleanup", Time since last: 1009676200 ns, Reaching safepoint: 9900 ns, Cleanup: 12300 ns, At safepoint: 1700 ns, Total: 23900 ns
[2026-02-02T03:45:54.510+0000][14568][safepoint   ] Safepoint "Cleanup", Time since last: 12066410900 ns, Reaching safepoint: 35600 ns, Cleanup: 26100 ns, At safepoint: 32500 ns, Total: 94200 ns
[2026-02-02T03:46:01.549+0000][14568][safepoint   ] Safepoint "Cleanup", Time since last: 7038474700 ns, Reaching safepoint: 25900 ns, Cleanup: 97800 ns, At safepoint: 8000 ns, Total: 131700 ns
[2026-02-02T03:46:05.591+0000][14568][safepoint   ] Safepoint "Cleanup", Time since last: 4041617000 ns, Reaching safepoint: 17700 ns, Cleanup: 18300 ns, At safepoint: 3100 ns, Total: 39100 ns
[2026-02-02T03:46:08.606+0000][14568][safepoint   ] Safepoint "Cleanup", Time since last: 3015992400 ns, Reaching safepoint: 52100 ns, Cleanup: 18500 ns, At safepoint: 15300 ns, Total: 85900 ns
[2026-02-02T03:46:14.640+0000][14568][safepoint   ] Safepoint "Cleanup", Time since last: 6033182700 ns, Reaching safepoint: 14100 ns, Cleanup: 15400 ns, At safepoint: 2000 ns, Total: 31500 ns
[2026-02-02T03:46:40.631+0000][14568][safepoint   ] Safepoint "Cleanup", Time since last: 25991387100 ns, Reaching safepoint: 16600 ns, Cleanup: 17200 ns, At safepoint: 2400 ns, Total: 36200 ns
[2026-02-02T03:46:48.686+0000][14568][safepoint   ] Safepoint "Cleanup", Time since last: 8054910900 ns, Reaching safepoint: 14400 ns, Cleanup: 13600 ns, At safepoint: 1800 ns, Total: 29800 ns
[2026-02-02T03:47:04.788+0000][14568][safepoint   ] Safepoint "Cleanup", Time since last: 16102381400 ns, Reaching safepoint: 11700 ns, Cleanup: 13900 ns, At safepoint: 1800 ns, Total: 27400 ns
[2026-02-02T03:47:10.823+0000][14568][safepoint   ] Safepoint "Cleanup", Time since last: 6034810700 ns, Reaching safepoint: 29800 ns, Cleanup: 32100 ns, At safepoint: 5100 ns, Total: 67000 ns
[2026-02-02T03:47:26.547+0000][14568][safepoint   ] Safepoint "Cleanup", Time since last: 15724001900 ns, Reaching safepoint: 14300 ns, Cleanup: 19400 ns, At safepoint: 3400 ns, Total: 37100 ns
[2026-02-02T03:47:35.611+0000][14568][safepoint   ] Safepoint "Cleanup", Time since last: 9063405200 ns, Reaching safepoint: 15300 ns, Cleanup: 20100 ns, At safepoint: 2600 ns, Total: 38000 ns
[2026-02-02T03:48:04.808+0000][14568][safepoint   ] Safepoint "Cleanup", Time since last: 29197191000 ns, Reaching safepoint: 15800 ns, Cleanup: 21300 ns, At safepoint: 3700 ns, Total: 40800 ns
[2026-02-02T03:48:33.739+0000][14568][safepoint   ] Safepoint "Cleanup", Time since last: 28931176400 ns, Reaching safepoint: 12900 ns, Cleanup: 16300 ns, At safepoint: 2300 ns, Total: 31500 ns
[2026-02-02T03:48:35.754+0000][14568][safepoint   ] Safepoint "Cleanup", Time since last: 2014850800 ns, Reaching safepoint: 23000 ns, Cleanup: 34700 ns, At safepoint: 4100 ns, Total: 61800 ns
[2026-02-02T03:48:36.765+0000][14568][safepoint   ] Safepoint "Cleanup", Time since last: 1010559300 ns, Reaching safepoint: 22800 ns, Cleanup: 29500 ns, At safepoint: 4800 ns, Total: 57100 ns
[2026-02-02T03:48:41.844+0000][14568][safepoint   ] Safepoint "Cleanup", Time since last: 5078831100 ns, Reaching safepoint: 36100 ns, Cleanup: 51900 ns, At safepoint: 5900 ns, Total: 93900 ns
[2026-02-02T03:48:42.858+0000][14568][safepoint   ] Safepoint "Cleanup", Time since last: 1013794300 ns, Reaching safepoint: 16000 ns, Cleanup: 38300 ns, At safepoint: 3800 ns, Total: 58100 ns
[2026-02-02T03:48:51.929+0000][14568][safepoint   ] Safepoint "Cleanup", Time since last: 9071065800 ns, Reaching safepoint: 22800 ns, Cleanup: 22500 ns, At safepoint: 2300 ns, Total: 47600 ns
[2026-02-02T03:48:57.404+0000][14568][safepoint   ] Safepoint "Cleanup", Time since last: 5486344700 ns, Reaching safepoint: 5600 ns, Cleanup: 30000 ns, At safepoint: 37700 ns, Total: 73300 ns
[2026-02-02T03:48:59.412+0000][14568][safepoint   ] Safepoint "Cleanup", Time since last: 1996752300 ns, Reaching safepoint: 28300 ns, Cleanup: 51500 ns, At safepoint: 15400 ns, Total: 95200 ns
[2026-02-02T03:49:04.432+0000][14568][safepoint   ] Safepoint "Cleanup", Time since last: 5020628800 ns, Reaching safepoint: 17600 ns, Cleanup: 19300 ns, At safepoint: 3200 ns, Total: 40100 ns
[2026-02-02T03:49:05.433+0000][14568][safepoint   ] Safepoint "Cleanup", Time since last: 1000200100 ns, Reaching safepoint: 20100 ns, Cleanup: 24200 ns, At safepoint: 2600 ns, Total: 46900 ns
[2026-02-02T03:49:13.492+0000][14568][safepoint   ] Safepoint "Cleanup", Time since last: 8058434500 ns, Reaching safepoint: 25700 ns, Cleanup: 22200 ns, At safepoint: 3100 ns, Total: 51000 ns
[2026-02-02T03:49:14.507+0000][14568][safepoint   ] Safepoint "Cleanup", Time since last: 1015024000 ns, Reaching safepoint: 30100 ns, Cleanup: 33700 ns, At safepoint: 3900 ns, Total: 67700 ns
[2026-02-02T03:49:15.509+0000][14568][safepoint   ] Safepoint "Cleanup", Time since last: 1001956400 ns, Reaching safepoint: 92200 ns, Cleanup: 24100 ns, At safepoint: 2900 ns, Total: 119200 ns
[2026-02-02T03:49:16.512+0000][14568][safepoint   ] Safepoint "Cleanup", Time since last: 1003496400 ns, Reaching safepoint: 18100 ns, Cleanup: 19000 ns, At safepoint: 2200 ns, Total: 39300 ns
[2026-02-02T03:49:28.834+0000][14568][safepoint   ] Safepoint "Cleanup", Time since last: 12321812500 ns, Reaching safepoint: 15200 ns, Cleanup: 18800 ns, At safepoint: 2600 ns, Total: 36600 ns
[2026-02-02T03:49:34.890+0000][14568][safepoint   ] Safepoint "Cleanup", Time since last: 6056193600 ns, Reaching safepoint: 10800 ns, Cleanup: 16700 ns, At safepoint: 1900 ns, Total: 29400 ns
[2026-02-02T03:49:35.894+0000][14568][safepoint   ] Safepoint "Cleanup", Time since last: 1003955400 ns, Reaching safepoint: 18700 ns, Cleanup: 15300 ns, At safepoint: 5300 ns, Total: 39300 ns
[2026-02-02T03:49:39.943+0000][14568][safepoint   ] Safepoint "Cleanup", Time since last: 4049037900 ns, Reaching safepoint: 10500 ns, Cleanup: 23100 ns, At safepoint: 1700 ns, Total: 35300 ns
[2026-02-02T03:49:44.987+0000][14568][safepoint   ] Safepoint "Cleanup", Time since last: 5043440800 ns, Reaching safepoint: 25900 ns, Cleanup: 89900 ns, At safepoint: 11900 ns, Total: 127700 ns
[2026-02-02T03:49:45.991+0000][14568][safepoint   ] Safepoint "ICBufferFull", Time since last: 1004249600 ns, Reaching safepoint: 13300 ns, Cleanup: 124100 ns, At safepoint: 85700 ns, Total: 223100 ns
[2026-02-02T03:49:46.901+0000][14568][safepoint   ] Safepoint "ICBufferFull", Time since last: 909438900 ns, Reaching safepoint: 14800 ns, Cleanup: 119000 ns, At safepoint: 9000 ns, Total: 142800 ns
[2026-02-02T03:49:47.392+0000][14568][safepoint   ] Safepoint "ICBufferFull", Time since last: 491852300 ns, Reaching safepoint: 16500 ns, Cleanup: 110100 ns, At safepoint: 42600 ns, Total: 169200 ns
[2026-02-02T03:49:47.725+0000][14568][safepoint   ] Safepoint "ICBufferFull", Time since last: 332195000 ns, Reaching safepoint: 19400 ns, Cleanup: 205000 ns, At safepoint: 80800 ns, Total: 305200 ns
[2026-02-02T03:49:48.052+0000][14568][safepoint   ] Safepoint "ICBufferFull", Time since last: 327049400 ns, Reaching safepoint: 15900 ns, Cleanup: 90800 ns, At safepoint: 52100 ns, Total: 158800 ns
[2026-02-02T03:49:48.459+0000][14568][safepoint   ] Safepoint "ICBufferFull", Time since last: 406762600 ns, Reaching safepoint: 47300 ns, Cleanup: 111100 ns, At safepoint: 66700 ns, Total: 225100 ns
[2026-02-02T03:49:49.460+0000][14568][safepoint   ] Safepoint "Cleanup", Time since last: 1000598200 ns, Reaching safepoint: 23600 ns, Cleanup: 112800 ns, At safepoint: 4800 ns, Total: 141200 ns
[2026-02-02T03:49:52.501+0000][14568][safepoint   ] Safepoint "Cleanup", Time since last: 3041051500 ns, Reaching safepoint: 23500 ns, Cleanup: 16800 ns, At safepoint: 2700 ns, Total: 43000 ns
[2026-02-02T03:49:54.516+0000][14568][safepoint   ] Safepoint "Cleanup", Time since last: 2014427600 ns, Reaching safepoint: 22100 ns, Cleanup: 25800 ns, At safepoint: 2400 ns, Total: 50300 ns
[2026-02-02T03:49:59.545+0000][14568][safepoint   ] Safepoint "Cleanup", Time since last: 5028419500 ns, Reaching safepoint: 34900 ns, Cleanup: 25200 ns, At safepoint: 2700 ns, Total: 62800 ns
[2026-02-02T03:50:05.560+0000][14568][safepoint   ] Safepoint "Cleanup", Time since last: 6015744700 ns, Reaching safepoint: 50300 ns, Cleanup: 57800 ns, At safepoint: 5800 ns, Total: 113900 ns
[2026-02-02T03:50:08.569+0000][14568][safepoint   ] Safepoint "Cleanup", Time since last: 3008866200 ns, Reaching safepoint: 19100 ns, Cleanup: 19300 ns, At safepoint: 2400 ns, Total: 40800 ns
[2026-02-02T03:50:09.579+0000][14568][safepoint   ] Safepoint "Cleanup", Time since last: 1009789000 ns, Reaching safepoint: 35700 ns, Cleanup: 25900 ns, At safepoint: 3500 ns, Total: 65100 ns
[2026-02-02T03:50:13.617+0000][14568][safepoint   ] Safepoint "Cleanup", Time since last: 4037403900 ns, Reaching safepoint: 22100 ns, Cleanup: 22900 ns, At safepoint: 3100 ns, Total: 48100 ns
[2026-02-02T03:50:14.624+0000][14568][safepoint   ] Safepoint "Cleanup", Time since last: 1007540100 ns, Reaching safepoint: 27700 ns, Cleanup: 125000 ns, At safepoint: 5800 ns, Total: 158500 ns
[2026-02-02T03:50:15.625+0000][14568][safepoint   ] Safepoint "Cleanup", Time since last: 1000387900 ns, Reaching safepoint: 24400 ns, Cleanup: 19500 ns, At safepoint: 4300 ns, Total: 48200 ns
[2026-02-02T03:50:16.626+0000][14568][safepoint   ] Safepoint "Cleanup", Time since last: 1001253700 ns, Reaching safepoint: 30200 ns, Cleanup: 43700 ns, At safepoint: 5200 ns, Total: 79100 ns
[2026-02-02T03:50:17.626+0000][14568][safepoint   ] Safepoint "Cleanup", Time since last: 1000047200 ns, Reaching safepoint: 24400 ns, Cleanup: 46600 ns, At safepoint: 4200 ns, Total: 75200 ns
[2026-02-02T03:50:20.658+0000][14568][safepoint   ] Safepoint "Cleanup", Time since last: 3032172700 ns, Reaching safepoint: 22700 ns, Cleanup: 32100 ns, At safepoint: 4300 ns, Total: 59100 ns
[2026-02-02T03:50:24.849+0000][14568][safepoint   ] Safepoint "Cleanup", Time since last: 4191128200 ns, Reaching safepoint: 31000 ns, Cleanup: 20700 ns, At safepoint: 3900 ns, Total: 55600 ns
[2026-02-02T03:50:28.886+0000][14568][safepoint   ] Safepoint "Cleanup", Time since last: 4036216500 ns, Reaching safepoint: 68400 ns, Cleanup: 31500 ns, At safepoint: 5400 ns, Total: 105300 ns
[2026-02-02T03:50:29.899+0000][14568][safepoint   ] Safepoint "Cleanup", Time since last: 1013352200 ns, Reaching safepoint: 29200 ns, Cleanup: 31700 ns, At safepoint: 5100 ns, Total: 66000 ns
[2026-02-02T03:50:33.920+0000][14568][safepoint   ] Safepoint "Cleanup", Time since last: 4020964900 ns, Reaching safepoint: 19700 ns, Cleanup: 15800 ns, At safepoint: 2400 ns, Total: 37900 ns
[2026-02-02T03:50:34.924+0000][14568][safepoint   ] Safepoint "Cleanup", Time since last: 1003395900 ns, Reaching safepoint: 20000 ns, Cleanup: 23100 ns, At safepoint: 3600 ns, Total: 46700 ns
[2026-02-02T03:50:38.943+0000][14568][safepoint   ] Safepoint "Cleanup", Time since last: 4018619900 ns, Reaching safepoint: 20600 ns, Cleanup: 16500 ns, At safepoint: 3400 ns, Total: 40500 ns
[2026-02-02T03:50:41.963+0000][14568][safepoint   ] Safepoint "Cleanup", Time since last: 3021238900 ns, Reaching safepoint: 25300 ns, Cleanup: 25300 ns, At safepoint: 4400 ns, Total: 55000 ns
[2026-02-02T03:50:43.965+0000][14568][safepoint   ] Safepoint "Cleanup", Time since last: 2001429100 ns, Reaching safepoint: 36500 ns, Cleanup: 23000 ns, At safepoint: 2800 ns, Total: 62300 ns
[2026-02-02T03:50:44.980+0000][14568][safepoint   ] Safepoint "Cleanup", Time since last: 1014901900 ns, Reaching safepoint: 14600 ns, Cleanup: 15600 ns, At safepoint: 2700 ns, Total: 32900 ns
[2026-02-02T03:50:45.983+0000][14568][safepoint   ] Safepoint "Cleanup", Time since last: 1002875000 ns, Reaching safepoint: 17900 ns, Cleanup: 14400 ns, At safepoint: 2100 ns, Total: 34400 ns
[2026-02-02T03:50:50.747+0000][14568][safepoint   ] Safepoint "Cleanup", Time since last: 4763887800 ns, Reaching safepoint: 6100 ns, Cleanup: 9000 ns, At safepoint: 900 ns, Total: 16000 ns
[2026-02-02T03:50:53.772+0000][14568][safepoint   ] Safepoint "Cleanup", Time since last: 3025017200 ns, Reaching safepoint: 24300 ns, Cleanup: 32300 ns, At safepoint: 4300 ns, Total: 60900 ns
[2026-02-02T03:50:54.773+0000][14568][safepoint   ] Safepoint "Cleanup", Time since last: 1001442200 ns, Reaching safepoint: 19100 ns, Cleanup: 16500 ns, At safepoint: 3200 ns, Total: 38800 ns
[2026-02-02T03:50:56.790+0000][14568][safepoint   ] Safepoint "Cleanup", Time since last: 2016972400 ns, Reaching safepoint: 10600 ns, Cleanup: 12300 ns, At safepoint: 1600 ns, Total: 24500 ns
[2026-02-02T03:50:57.804+0000][14568][safepoint   ] Safepoint "Cleanup", Time since last: 1013866400 ns, Reaching safepoint: 24000 ns, Cleanup: 30300 ns, At safepoint: 4700 ns, Total: 59000 ns
[2026-02-02T03:51:03.851+0000][14568][safepoint   ] Safepoint "Cleanup", Time since last: 6046692300 ns, Reaching safepoint: 21100 ns, Cleanup: 27200 ns, At safepoint: 4100 ns, Total: 52400 ns
[2026-02-02T03:51:06.883+0000][14568][safepoint   ] Safepoint "Cleanup", Time since last: 3031721000 ns, Reaching safepoint: 20700 ns, Cleanup: 17900 ns, At safepoint: 2700 ns, Total: 41300 ns
[2026-02-02T03:51:10.889+0000][14568][safepoint   ] Safepoint "Cleanup", Time since last: 4006452500 ns, Reaching safepoint: 19600 ns, Cleanup: 16200 ns, At safepoint: 2600 ns, Total: 38400 ns
[2026-02-02T03:51:14.918+0000][14568][safepoint   ] Safepoint "Cleanup", Time since last: 4028473500 ns, Reaching safepoint: 23600 ns, Cleanup: 25300 ns, At safepoint: 4500 ns, Total: 53400 ns
[2026-02-02T03:51:15.933+0000][14568][safepoint   ] Safepoint "Cleanup", Time since last: 1015424800 ns, Reaching safepoint: 11700 ns, Cleanup: 13000 ns, At safepoint: 1900 ns, Total: 26600 ns
[2026-02-02T03:51:34.038+0000][14568][safepoint   ] Safepoint "Cleanup", Time since last: 18105133700 ns, Reaching safepoint: 23400 ns, Cleanup: 19500 ns, At safepoint: 3200 ns, Total: 46100 ns
[2026-02-02T03:51:35.051+0000][14568][safepoint   ] Safepoint "Cleanup", Time since last: 1012940800 ns, Reaching safepoint: 30200 ns, Cleanup: 35600 ns, At safepoint: 5800 ns, Total: 71600 ns
[2026-02-02T03:51:45.149+0000][14568][safepoint   ] Safepoint "Cleanup", Time since last: 10097564900 ns, Reaching safepoint: 29000 ns, Cleanup: 22900 ns, At safepoint: 4500 ns, Total: 56400 ns
[2026-02-02T03:52:05.270+0000][14568][safepoint   ] Safepoint "Cleanup", Time since last: 20120795100 ns, Reaching safepoint: 17100 ns, Cleanup: 19200 ns, At safepoint: 2900 ns, Total: 39200 ns
[2026-02-02T03:52:09.300+0000][14568][safepoint   ] Safepoint "Cleanup", Time since last: 4030503700 ns, Reaching safepoint: 16900 ns, Cleanup: 11300 ns, At safepoint: 2100 ns, Total: 30300 ns
[2026-02-02T03:52:35.007+0000][14568][safepoint   ] Safepoint "Cleanup", Time since last: 25705948400 ns, Reaching safepoint: 28600 ns, Cleanup: 23500 ns, At safepoint: 4400 ns, Total: 56500 ns
[2026-02-02T03:52:46.091+0000][14568][safepoint   ] Safepoint "Cleanup", Time since last: 11084038300 ns, Reaching safepoint: 20000 ns, Cleanup: 21100 ns, At safepoint: 3900 ns, Total: 45000 ns
[2026-02-02T03:52:48.117+0000][14568][safepoint   ] Safepoint "Cleanup", Time since last: 2026259700 ns, Reaching safepoint: 21000 ns, Cleanup: 19500 ns, At safepoint: 3900 ns, Total: 44400 ns
[2026-02-02T03:52:56.201+0000][14568][safepoint   ] Safepoint "Cleanup", Time since last: 8084533700 ns, Reaching safepoint: 31600 ns, Cleanup: 25400 ns, At safepoint: 4700 ns, Total: 61700 ns
[2026-02-02T03:53:16.390+0000][14568][safepoint   ] Safepoint "Cleanup", Time since last: 20188509700 ns, Reaching safepoint: 19600 ns, Cleanup: 17200 ns, At safepoint: 2500 ns, Total: 39300 ns
[2026-02-02T03:53:26.145+0000][14568][safepoint   ] Safepoint "Cleanup", Time since last: 9754715800 ns, Reaching safepoint: 33200 ns, Cleanup: 23000 ns, At safepoint: 4900 ns, Total: 61100 ns
[2026-02-02T03:53:33.204+0000][14568][safepoint   ] Safepoint "Cleanup", Time since last: 7058731300 ns, Reaching safepoint: 51600 ns, Cleanup: 27700 ns, At safepoint: 9100 ns, Total: 88400 ns
[2026-02-02T03:53:35.207+0000][14568][safepoint   ] Safepoint "Cleanup", Time since last: 2003539000 ns, Reaching safepoint: 25700 ns, Cleanup: 42600 ns, At safepoint: 4500 ns, Total: 72800 ns
[2026-02-02T03:53:36.222+0000][14568][safepoint   ] Safepoint "Cleanup", Time since last: 1015330400 ns, Reaching safepoint: 26500 ns, Cleanup: 30600 ns, At safepoint: 13800 ns, Total: 70900 ns
[2026-02-02T03:53:43.245+0000][14568][safepoint   ] Safepoint "Cleanup", Time since last: 7022150400 ns, Reaching safepoint: 97600 ns, Cleanup: 92300 ns, At safepoint: 7700 ns, Total: 197600 ns
[2026-02-02T03:53:55.289+0000][14568][safepoint   ] Safepoint "Cleanup", Time since last: 12044439200 ns, Reaching safepoint: 34000 ns, Cleanup: 29700 ns, At safepoint: 5900 ns, Total: 69600 ns
[2026-02-02T03:54:05.361+0000][14568][safepoint   ] Safepoint "Cleanup", Time since last: 10071299300 ns, Reaching safepoint: 37600 ns, Cleanup: 25100 ns, At safepoint: 219600 ns, Total: 282300 ns
[2026-02-02T03:54:16.430+0000][14568][safepoint   ] Safepoint "Cleanup", Time since last: 11069343200 ns, Reaching safepoint: 27300 ns, Cleanup: 28300 ns, At safepoint: 4000 ns, Total: 59600 ns
[2026-02-02T03:54:32.332+0000][14568][safepoint   ] Safepoint "Cleanup", Time since last: 15901149000 ns, Reaching safepoint: 18700 ns, Cleanup: 14500 ns, At safepoint: 2900 ns, Total: 36100 ns
[2026-02-02T03:54:37.360+0000][14568][safepoint   ] Safepoint "Cleanup", Time since last: 5028335900 ns, Reaching safepoint: 33800 ns, Cleanup: 27500 ns, At safepoint: 3600 ns, Total: 64900 ns
[2026-02-02T03:54:42.395+0000][14568][safepoint   ] Safepoint "Cleanup", Time since last: 5034459100 ns, Reaching safepoint: 24000 ns, Cleanup: 21300 ns, At safepoint: 3200 ns, Total: 48500 ns
[2026-02-02T03:54:49.434+0000][14568][safepoint   ] Safepoint "Cleanup", Time since last: 7039398000 ns, Reaching safepoint: 21500 ns, Cleanup: 20200 ns, At safepoint: 2800 ns, Total: 44500 ns
[2026-02-02T03:54:51.449+0000][14568][safepoint   ] Safepoint "Cleanup", Time since last: 2014578500 ns, Reaching safepoint: 19200 ns, Cleanup: 17800 ns, At safepoint: 2900 ns, Total: 39900 ns
[2026-02-02T03:54:52.452+0000][14568][safepoint   ] Safepoint "Cleanup", Time since last: 1003391500 ns, Reaching safepoint: 19000 ns, Cleanup: 21000 ns, At safepoint: 2400 ns, Total: 42400 ns
[2026-02-02T03:54:54.471+0000][14568][safepoint   ] Safepoint "Cleanup", Time since last: 2018341600 ns, Reaching safepoint: 16300 ns, Cleanup: 13700 ns, At safepoint: 2300 ns, Total: 32300 ns
[2026-02-02T03:54:55.471+0000][14568][safepoint   ] Safepoint "Cleanup", Time since last: 1000405700 ns, Reaching safepoint: 32600 ns, Cleanup: 26600 ns, At safepoint: 4600 ns, Total: 63800 ns
[2026-02-02T03:55:05.545+0000][14568][safepoint   ] Safepoint "Cleanup", Time since last: 10073577800 ns, Reaching safepoint: 32100 ns, Cleanup: 20600 ns, At safepoint: 3000 ns, Total: 55700 ns
[2026-02-02T03:55:34.410+0000][14568][safepoint   ] Safepoint "Cleanup", Time since last: 28864920400 ns, Reaching safepoint: 21600 ns, Cleanup: 19000 ns, At safepoint: 2600 ns, Total: 43200 ns
[2026-02-02T03:55:36.425+0000][14568][safepoint   ] Safepoint "Cleanup", Time since last: 2014828300 ns, Reaching safepoint: 22100 ns, Cleanup: 20000 ns, At safepoint: 2300 ns, Total: 44400 ns
[2026-02-02T03:56:06.548+0000][14568][safepoint   ] Safepoint "Cleanup", Time since last: 30123065500 ns, Reaching safepoint: 21000 ns, Cleanup: 15500 ns, At safepoint: 2200 ns, Total: 38700 ns
[2026-02-02T03:57:05.841+0000][14568][safepoint   ] Safepoint "Cleanup", Time since last: 59293552800 ns, Reaching safepoint: 26600 ns, Cleanup: 21900 ns, At safepoint: 3300 ns, Total: 51800 ns
[2026-02-02T03:57:06.846+0000][14568][safepoint   ] Safepoint "Cleanup", Time since last: 1004619500 ns, Reaching safepoint: 23600 ns, Cleanup: 20100 ns, At safepoint: 2400 ns, Total: 46100 ns
[2026-02-02T03:57:14.888+0000][14568][safepoint   ] Safepoint "Cleanup", Time since last: 8042537300 ns, Reaching safepoint: 90800 ns, Cleanup: 27800 ns, At safepoint: 6900 ns, Total: 125500 ns
[2026-02-02T03:57:45.977+0000][14568][safepoint   ] Safepoint "Cleanup", Time since last: 31089096300 ns, Reaching safepoint: 57800 ns, Cleanup: 28400 ns, At safepoint: 5500 ns, Total: 91700 ns
[2026-02-02T03:57:46.981+0000][14568][safepoint   ] Safepoint "Cleanup", Time since last: 1003261300 ns, Reaching safepoint: 28900 ns, Cleanup: 23600 ns, At safepoint: 4300 ns, Total: 56800 ns
[2026-02-02T03:58:06.067+0000][14568][safepoint   ] Safepoint "Cleanup", Time since last: 19085916700 ns, Reaching safepoint: 25400 ns, Cleanup: 21700 ns, At safepoint: 4200 ns, Total: 51300 ns
[2026-02-02T03:58:33.987+0000][14568][safepoint   ] Safepoint "Cleanup", Time since last: 27919859000 ns, Reaching safepoint: 22700 ns, Cleanup: 18600 ns, At safepoint: 2500 ns, Total: 43800 ns
[2026-02-02T03:58:34.988+0000][14568][safepoint   ] Safepoint "Cleanup", Time since last: 1000922000 ns, Reaching safepoint: 17800 ns, Cleanup: 12400 ns, At safepoint: 2300 ns, Total: 32500 ns
[2026-02-02T03:58:35.990+0000][14568][safepoint   ] Safepoint "Cleanup", Time since last: 1002545300 ns, Reaching safepoint: 26200 ns, Cleanup: 32200 ns, At safepoint: 8300 ns, Total: 66700 ns
[2026-02-02T03:59:45.342+0000][14568][safepoint   ] Safepoint "Cleanup", Time since last: 69351623900 ns, Reaching safepoint: 29600 ns, Cleanup: 21200 ns, At safepoint: 4200 ns, Total: 55000 ns
[2026-02-02T03:59:47.355+0000][14568][safepoint   ] Safepoint "Cleanup", Time since last: 2013142000 ns, Reaching safepoint: 24100 ns, Cleanup: 17300 ns, At safepoint: 2500 ns, Total: 43900 ns
[2026-02-02T04:00:05.528+0000][14568][safepoint   ] Safepoint "Cleanup", Time since last: 18172804700 ns, Reaching safepoint: 21600 ns, Cleanup: 17000 ns, At safepoint: 2100 ns, Total: 40700 ns
[2026-02-02T04:00:45.446+0000][14568][safepoint   ] Safepoint "Cleanup", Time since last: 39917375000 ns, Reaching safepoint: 19000 ns, Cleanup: 18000 ns, At safepoint: 2200 ns, Total: 39200 ns
[2026-02-02T04:00:46.450+0000][14568][safepoint   ] Safepoint "Cleanup", Time since last: 1003949800 ns, Reaching safepoint: 20500 ns, Cleanup: 19100 ns, At safepoint: 2200 ns, Total: 41800 ns
[2026-02-02T04:00:48.469+0000][14568][safepoint   ] Safepoint "Cleanup", Time since last: 2019503300 ns, Reaching safepoint: 22500 ns, Cleanup: 16700 ns, At safepoint: 2900 ns, Total: 42100 ns
[2026-02-02T04:01:06.587+0000][14568][safepoint   ] Safepoint "Cleanup", Time since last: 18117798700 ns, Reaching safepoint: 20700 ns, Cleanup: 13200 ns, At safepoint: 2700 ns, Total: 36600 ns
[2026-02-02T04:01:15.639+0000][14568][safepoint   ] Safepoint "Cleanup", Time since last: 9051506900 ns, Reaching safepoint: 25800 ns, Cleanup: 17200 ns, At safepoint: 40400 ns, Total: 83400 ns
[2026-02-02T04:01:16.639+0000][14568][safepoint   ] Safepoint "Cleanup", Time since last: 1000295100 ns, Reaching safepoint: 19400 ns, Cleanup: 15000 ns, At safepoint: 2400 ns, Total: 36800 ns
[2026-02-02T04:01:36.380+0000][14568][safepoint   ] Safepoint "Cleanup", Time since last: 19740725100 ns, Reaching safepoint: 29100 ns, Cleanup: 17400 ns, At safepoint: 2800 ns, Total: 49300 ns
[2026-02-02T04:01:45.446+0000][14568][safepoint   ] Safepoint "Cleanup", Time since last: 9066448700 ns, Reaching safepoint: 19200 ns, Cleanup: 14900 ns, At safepoint: 2700 ns, Total: 36800 ns
[2026-02-02T04:02:05.594+0000][14568][safepoint   ] Safepoint "Cleanup", Time since last: 20148257500 ns, Reaching safepoint: 21000 ns, Cleanup: 13100 ns, At safepoint: 2200 ns, Total: 36300 ns
[2026-02-02T04:02:06.609+0000][14568][safepoint   ] Safepoint "Cleanup", Time since last: 1014263600 ns, Reaching safepoint: 25400 ns, Cleanup: 16300 ns, At safepoint: 2500 ns, Total: 44200 ns
[2026-02-02T04:02:07.624+0000][14568][safepoint   ] Safepoint "Cleanup", Time since last: 1014849700 ns, Reaching safepoint: 21500 ns, Cleanup: 114800 ns, At safepoint: 165400 ns, Total: 301700 ns
[2026-02-02T04:02:08.635+0000][14568][safepoint   ] Safepoint "Cleanup", Time since last: 1011611200 ns, Reaching safepoint: 22900 ns, Cleanup: 31700 ns, At safepoint: 3300 ns, Total: 57900 ns
[2026-02-02T04:02:12.693+0000][14568][safepoint   ] Safepoint "Cleanup", Time since last: 4057547800 ns, Reaching safepoint: 62000 ns, Cleanup: 19500 ns, At safepoint: 3500 ns, Total: 85000 ns
[2026-02-02T04:02:13.692+0000][14568][safepoint   ] Safepoint "ICBufferFull", Time since last: 992511800 ns, Reaching safepoint: 6265400 ns, Cleanup: 212700 ns, At safepoint: 26400 ns, Total: 6504500 ns
[2026-02-02T04:02:14.705+0000][14568][safepoint   ] Safepoint "Cleanup", Time since last: 1012282500 ns, Reaching safepoint: 28000 ns, Cleanup: 60800 ns, At safepoint: 3300 ns, Total: 92100 ns
[2026-02-02T04:02:15.718+0000][14568][safepoint   ] Safepoint "Cleanup", Time since last: 1013298700 ns, Reaching safepoint: 18700 ns, Cleanup: 53100 ns, At safepoint: 2800 ns, Total: 74600 ns
[2026-02-02T04:02:16.718+0000][14568][safepoint   ] Safepoint "Cleanup", Time since last: 1000155700 ns, Reaching safepoint: 17300 ns, Cleanup: 123600 ns, At safepoint: 4700 ns, Total: 145600 ns
[2026-02-02T04:02:17.729+0000][14568][safepoint   ] Safepoint "Cleanup", Time since last: 1011220500 ns, Reaching safepoint: 21300 ns, Cleanup: 53700 ns, At safepoint: 2600 ns, Total: 77600 ns
[2026-02-02T04:02:18.740+0000][14568][safepoint   ] Safepoint "Cleanup", Time since last: 1010299300 ns, Reaching safepoint: 27400 ns, Cleanup: 141700 ns, At safepoint: 79300 ns, Total: 248400 ns
[2026-02-02T04:02:19.753+0000][14568][safepoint   ] Safepoint "Cleanup", Time since last: 1013686900 ns, Reaching safepoint: 27000 ns, Cleanup: 49900 ns, At safepoint: 4200 ns, Total: 81100 ns
[2026-02-02T04:02:35.465+0000][14568][safepoint   ] Safepoint "Cleanup", Time since last: 15710972000 ns, Reaching safepoint: 25800 ns, Cleanup: 18100 ns, At safepoint: 2500 ns, Total: 46400 ns
[2026-02-02T04:02:36.468+0000][14568][safepoint   ] Safepoint "Cleanup", Time since last: 1002732200 ns, Reaching safepoint: 16200 ns, Cleanup: 13800 ns, At safepoint: 2000 ns, Total: 32000 ns
[2026-02-02T04:02:45.557+0000][14568][safepoint   ] Safepoint "Cleanup", Time since last: 9089804600 ns, Reaching safepoint: 52300 ns, Cleanup: 17300 ns, At safepoint: 3500 ns, Total: 73100 ns
[2026-02-02T04:03:02.750+0000][14568][safepoint   ] Safepoint "Cleanup", Time since last: 17192401900 ns, Reaching safepoint: 22900 ns, Cleanup: 13200 ns, At safepoint: 2000 ns, Total: 38100 ns
[2026-02-02T04:03:06.776+0000][14568][safepoint   ] Safepoint "Cleanup", Time since last: 4026245800 ns, Reaching safepoint: 17700 ns, Cleanup: 15400 ns, At safepoint: 2600 ns, Total: 35700 ns
[2026-02-02T04:03:13.872+0000][14568][safepoint   ] Safepoint "Cleanup", Time since last: 7095367900 ns, Reaching safepoint: 11200 ns, Cleanup: 11900 ns, At safepoint: 2000 ns, Total: 25100 ns
[2026-02-02T04:03:35.646+0000][14568][safepoint   ] Safepoint "Cleanup", Time since last: 21774943300 ns, Reaching safepoint: 22000 ns, Cleanup: 19400 ns, At safepoint: 2900 ns, Total: 44300 ns
[2026-02-02T04:04:55.843+0000][14568][safepoint   ] Safepoint "Cleanup", Time since last: 80196257300 ns, Reaching safepoint: 19100 ns, Cleanup: 14900 ns, At safepoint: 2500 ns, Total: 36500 ns
[2026-02-02T04:05:05.937+0000][14568][safepoint   ] Safepoint "Cleanup", Time since last: 10094408700 ns, Reaching safepoint: 24900 ns, Cleanup: 20300 ns, At safepoint: 3800 ns, Total: 49000 ns
[2026-02-02T04:06:44.200+0000][14568][safepoint   ] Safepoint "Cleanup", Time since last: 98262442300 ns, Reaching safepoint: 24700 ns, Cleanup: 15000 ns, At safepoint: 2100 ns, Total: 41800 ns
[2026-02-02T04:07:05.321+0000][14568][safepoint   ] Safepoint "Cleanup", Time since last: 21121420800 ns, Reaching safepoint: 32900 ns, Cleanup: 15800 ns, At safepoint: 2800 ns, Total: 51500 ns
[2026-02-02T04:07:18.399+0000][14568][safepoint   ] Safepoint "Cleanup", Time since last: 13077877400 ns, Reaching safepoint: 21000 ns, Cleanup: 28900 ns, At safepoint: 2700 ns, Total: 52600 ns
[2026-02-02T04:07:19.402+0000][14568][safepoint   ] Safepoint "Cleanup", Time since last: 1002795000 ns, Reaching safepoint: 20200 ns, Cleanup: 16300 ns, At safepoint: 2400 ns, Total: 38900 ns
[2026-02-02T04:08:35.281+0000][14568][safepoint   ] Safepoint "Cleanup", Time since last: 75878579400 ns, Reaching safepoint: 11900 ns, Cleanup: 12900 ns, At safepoint: 2000 ns, Total: 26800 ns
[2026-02-02T04:09:05.503+0000][14568][safepoint   ] Safepoint "Cleanup", Time since last: 30222407100 ns, Reaching safepoint: 31600 ns, Cleanup: 25800 ns, At safepoint: 5600 ns, Total: 63000 ns
[2026-02-02T04:09:36.323+0000][14568][safepoint   ] Safepoint "Cleanup", Time since last: 30819409500 ns, Reaching safepoint: 24600 ns, Cleanup: 21900 ns, At safepoint: 3700 ns, Total: 50200 ns
[2026-02-02T04:11:35.344+0000][14568][safepoint   ] Safepoint "Cleanup", Time since last: 119021025200 ns, Reaching safepoint: 36200 ns, Cleanup: 31100 ns, At safepoint: 5200 ns, Total: 72500 ns
[2026-02-02T04:13:35.527+0000][14568][safepoint   ] Safepoint "Cleanup", Time since last: 120183647600 ns, Reaching safepoint: 65600 ns, Cleanup: 28800 ns, At safepoint: 11600 ns, Total: 106000 ns
[2026-02-02T04:13:38.546+0000][14568][safepoint   ] Safepoint "Cleanup", Time since last: 3018100900 ns, Reaching safepoint: 26300 ns, Cleanup: 22200 ns, At safepoint: 4100 ns, Total: 52600 ns
[2026-02-02T04:13:43.566+0000][14568][safepoint   ] Safepoint "Cleanup", Time since last: 5019832400 ns, Reaching safepoint: 18200 ns, Cleanup: 14200 ns, At safepoint: 2400 ns, Total: 34800 ns
[2026-02-02T04:15:27.583+0000][14568][safepoint   ] Safepoint "Cleanup", Time since last: 104017900700 ns, Reaching safepoint: 28800 ns, Cleanup: 19700 ns, At safepoint: 2500 ns, Total: 51000 ns
[2026-02-02T04:19:24.128+0000][14568][safepoint   ] Safepoint "Cleanup", Time since last: 236545300900 ns, Reaching safepoint: 8700 ns, Cleanup: 16800 ns, At safepoint: 31900 ns, Total: 57400 ns
[2026-02-02T04:21:05.596+0000][14568][safepoint   ] Safepoint "Cleanup", Time since last: 101466966900 ns, Reaching safepoint: 35600 ns, Cleanup: 25100 ns, At safepoint: 5100 ns, Total: 65800 ns
[2026-02-02T04:21:35.620+0000][14568][safepoint   ] Safepoint "Cleanup", Time since last: 30024617100 ns, Reaching safepoint: 20000 ns, Cleanup: 14700 ns, At safepoint: 2400 ns, Total: 37100 ns
[2026-02-02T04:23:22.208+0000][14568][safepoint   ] Safepoint "Cleanup", Time since last: 106587049400 ns, Reaching safepoint: 24200 ns, Cleanup: 13800 ns, At safepoint: 2600 ns, Total: 40600 ns
[2026-02-02T04:23:35.091+0000][14568][safepoint   ] Safepoint "Cleanup", Time since last: 12883701100 ns, Reaching safepoint: 21900 ns, Cleanup: 31900 ns, At safepoint: 3000 ns, Total: 56800 ns
[2026-02-02T04:23:36.092+0000][14568][safepoint   ] Safepoint "Cleanup", Time since last: 1000802500 ns, Reaching safepoint: 18500 ns, Cleanup: 16300 ns, At safepoint: 2200 ns, Total: 37000 ns
[2026-02-02T04:25:05.340+0000][14568][safepoint   ] Safepoint "Cleanup", Time since last: 89232033400 ns, Reaching safepoint: 15365200 ns, Cleanup: 82500 ns, At safepoint: 46100 ns, Total: 15493800 ns
[2026-02-02T04:25:06.340+0000][14568][safepoint   ] Safepoint "Cleanup", Time since last: 1000627400 ns, Reaching safepoint: 11700 ns, Cleanup: 19700 ns, At safepoint: 1800 ns, Total: 33200 ns
[2026-02-02T04:25:11.371+0000][14568][safepoint   ] Safepoint "Cleanup", Time since last: 5030912700 ns, Reaching safepoint: 17300 ns, Cleanup: 26200 ns, At safepoint: 18700 ns, Total: 62200 ns
[2026-02-02T04:25:12.384+0000][14568][safepoint   ] Safepoint "Cleanup", Time since last: 1012978400 ns, Reaching safepoint: 602200 ns, Cleanup: 48400 ns, At safepoint: 463600 ns, Total: 1114200 ns
[2026-02-02T04:25:13.399+0000][14568][safepoint   ] Safepoint "Cleanup", Time since last: 1013453400 ns, Reaching safepoint: 11600 ns, Cleanup: 770800 ns, At safepoint: 8100 ns, Total: 790500 ns
[2026-02-02T04:25:15.408+0000][14568][safepoint   ] Safepoint "Cleanup", Time since last: 2007765500 ns, Reaching safepoint: 18400 ns, Cleanup: 74000 ns, At safepoint: 3600 ns, Total: 96000 ns
[2026-02-02T04:25:16.423+0000][14568][safepoint   ] Safepoint "Cleanup", Time since last: 1015658600 ns, Reaching safepoint: 18200 ns, Cleanup: 95800 ns, At safepoint: 4600 ns, Total: 118600 ns
[2026-02-02T04:25:17.427+0000][14568][safepoint   ] Safepoint "Cleanup", Time since last: 1003342000 ns, Reaching safepoint: 17500 ns, Cleanup: 57000 ns, At safepoint: 16700 ns, Total: 91200 ns
[2026-02-02T04:25:18.427+0000][14568][safepoint   ] Safepoint "Cleanup", Time since last: 1000547700 ns, Reaching safepoint: 16900 ns, Cleanup: 32900 ns, At safepoint: 2000 ns, Total: 51800 ns
[2026-02-02T04:25:36.325+0000][14568][safepoint   ] Safepoint "Cleanup", Time since last: 17897304700 ns, Reaching safepoint: 21200 ns, Cleanup: 28000 ns, At safepoint: 3800 ns, Total: 53000 ns
[2026-02-02T04:25:44.409+0000][14568][safepoint   ] Safepoint "Cleanup", Time since last: 8083886400 ns, Reaching safepoint: 25900 ns, Cleanup: 39200 ns, At safepoint: 4500 ns, Total: 69600 ns
[2026-02-02T04:25:48.428+0000][14568][safepoint   ] Safepoint "Cleanup", Time since last: 4019169900 ns, Reaching safepoint: 62200 ns, Cleanup: 34000 ns, At safepoint: 6500 ns, Total: 102700 ns
[2026-02-02T04:25:54.467+0000][14568][safepoint   ] Safepoint "Cleanup", Time since last: 6038760300 ns, Reaching safepoint: 40300 ns, Cleanup: 23400 ns, At safepoint: 3600 ns, Total: 67300 ns
[2026-02-02T04:26:19.604+0000][14568][safepoint   ] Safepoint "Cleanup", Time since last: 25136842500 ns, Reaching safepoint: 24500 ns, Cleanup: 22100 ns, At safepoint: 2800 ns, Total: 49400 ns
[2026-02-02T04:26:28.395+0000][14568][safepoint   ] Safepoint "Cleanup", Time since last: 8791083100 ns, Reaching safepoint: 24600 ns, Cleanup: 19900 ns, At safepoint: 2300 ns, Total: 46800 ns
[2026-02-02T04:26:32.398+0000][14568][safepoint   ] Safepoint "Cleanup", Time since last: 4003453600 ns, Reaching safepoint: 32000 ns, Cleanup: 36000 ns, At safepoint: 5200 ns, Total: 73200 ns
[2026-02-02T04:26:55.550+0000][14568][safepoint   ] Safepoint "Cleanup", Time since last: 23151925700 ns, Reaching safepoint: 38300 ns, Cleanup: 24800 ns, At safepoint: 5000 ns, Total: 68100 ns
[2026-02-02T04:29:55.862+0000][14568][safepoint   ] Safepoint "Cleanup", Time since last: 180311571400 ns, Reaching safepoint: 28800 ns, Cleanup: 23000 ns, At safepoint: 3900 ns, Total: 55700 ns
[2026-02-02T04:30:15.961+0000][14568][safepoint   ] Safepoint "Cleanup", Time since last: 20099411200 ns, Reaching safepoint: 33900 ns, Cleanup: 44500 ns, At safepoint: 5000 ns, Total: 83400 ns
[2026-02-02T04:30:20.990+0000][14568][safepoint   ] Safepoint "Cleanup", Time since last: 5028775600 ns, Reaching safepoint: 32400 ns, Cleanup: 25000 ns, At safepoint: 5000 ns, Total: 62400 ns
[2026-02-02T04:32:47.050+0000][14568][safepoint   ] Safepoint "Cleanup", Time since last: 146059774500 ns, Reaching safepoint: 20100 ns, Cleanup: 15400 ns, At safepoint: 3200 ns, Total: 38700 ns
[2026-02-02T04:33:35.195+0000][14568][safepoint   ] Safepoint "Cleanup", Time since last: 48144571200 ns, Reaching safepoint: 19300 ns, Cleanup: 16100 ns, At safepoint: 2700 ns, Total: 38100 ns
[2026-02-02T04:38:18.094+0000][14568][safepoint   ] Safepoint "Cleanup", Time since last: 282899166000 ns, Reaching safepoint: 74700 ns, Cleanup: 19600 ns, At safepoint: 4200 ns, Total: 98500 ns
[2026-02-02T04:38:23.109+0000][14568][safepoint   ] Safepoint "Cleanup", Time since last: 5015499600 ns, Reaching safepoint: 20100 ns, Cleanup: 22400 ns, At safepoint: 4100 ns, Total: 46600 ns
[2026-02-02T04:40:31.558+0000][14568][safepoint   ] Safepoint "Cleanup", Time since last: 128448679300 ns, Reaching safepoint: 22100 ns, Cleanup: 24500 ns, At safepoint: 5300 ns, Total: 51900 ns
[2026-02-02T04:40:36.574+0000][14568][safepoint   ] Safepoint "Cleanup", Time since last: 5016396900 ns, Reaching safepoint: 39200 ns, Cleanup: 38000 ns, At safepoint: 5700 ns, Total: 82900 ns
[2026-02-02T04:41:13.733+0000][14568][safepoint   ] Safepoint "Cleanup", Time since last: 37157994200 ns, Reaching safepoint: 20600 ns, Cleanup: 18000 ns, At safepoint: 2900 ns, Total: 41500 ns
[2026-02-02T04:48:54.044+0000][14568][gc,start    ] GC(12) Pause Young (Normal) (G1 Evacuation Pause)
[2026-02-02T04:48:54.049+0000][14568][gc,task     ] GC(12) Using 13 workers of 13 for evacuation
[2026-02-02T04:48:54.049+0000][14568][gc,age      ] GC(12) Desired survivor size 117440512 bytes, new threshold 15 (max threshold 15)
[2026-02-02T04:48:54.306+0000][14568][gc,mmu      ] GC(12) MMU target violated: 201.0ms (200.0ms/201.0ms)
[2026-02-02T04:48:54.306+0000][14568][gc,phases   ] GC(12)   Pre Evacuate Collection Set: 20.3ms
[2026-02-02T04:48:54.306+0000][14568][gc,phases   ] GC(12)   Merge Heap Roots: 0.4ms
[2026-02-02T04:48:54.306+0000][14568][gc,phases   ] GC(12)   Evacuate Collection Set: 214.0ms
[2026-02-02T04:48:54.306+0000][14568][gc,phases   ] GC(12)   Post Evacuate Collection Set: 14.6ms
[2026-02-02T04:48:54.307+0000][14568][gc,phases   ] GC(12)   Other: 8.3ms
[2026-02-02T04:48:54.307+0000][14568][gc,age      ] GC(12) Age table with threshold 15 (max threshold 15)
[2026-02-02T04:48:54.307+0000][14568][gc,age      ] GC(12) - age   1:   24941088 bytes,   24941088 total
[2026-02-02T04:48:54.307+0000][14568][gc,age      ] GC(12) - age   2:   16841168 bytes,   41782256 total
[2026-02-02T04:48:54.307+0000][14568][gc,age      ] GC(12) - age   3:    8880616 bytes,   50662872 total
[2026-02-02T04:48:54.307+0000][14568][gc,age      ] GC(12) - age   4:   26514032 bytes,   77176904 total
[2026-02-02T04:48:54.307+0000][14568][gc,age      ] GC(12) - age   5:    1003512 bytes,   78180416 total
[2026-02-02T04:48:54.307+0000][14568][gc,age      ] GC(12) - age   6:    1703640 bytes,   79884056 total
[2026-02-02T04:48:54.307+0000][14568][gc,age      ] GC(12) - age   7:    1344024 bytes,   81228080 total
[2026-02-02T04:48:54.307+0000][14568][gc,age      ] GC(12) - age   8:    3207480 bytes,   84435560 total
[2026-02-02T04:48:54.307+0000][14568][gc,age      ] GC(12) - age   9:   12015808 bytes,   96451368 total
[2026-02-02T04:48:54.307+0000][14568][gc,heap     ] GC(12) Eden regions: 429->0(126)
[2026-02-02T04:48:54.307+0000][14568][gc,heap     ] GC(12) Survivor regions: 19->25(56)
[2026-02-02T04:48:54.307+0000][14568][gc,heap     ] GC(12) Old regions: 0->0
[2026-02-02T04:48:54.307+0000][14568][gc,heap     ] GC(12) Humongous regions: 2->2
[2026-02-02T04:48:54.307+0000][14568][gc,metaspace] GC(12) Metaspace: 113986K(116928K)->113986K(116928K) NonClass: 98312K(99904K)->98312K(99904K) Class: 15673K(17024K)->15673K(17024K)
[2026-02-02T04:48:54.308+0000][14568][gc          ] GC(12) Pause Young (Normal) (G1 Evacuation Pause) 1798M->106M(8056M) 261.092ms
[2026-02-02T04:48:54.308+0000][14568][gc,cpu      ] GC(12) User=0.41s Sys=0.67s Real=0.26s
[2026-02-02T04:48:54.308+0000][14568][safepoint   ] Safepoint "G1CollectForAllocation", Time since last: 460312572400 ns, Reaching safepoint: 15000 ns, Cleanup: 5500 ns, At safepoint: 262527800 ns, Total: 262548300 ns
[2026-02-02T04:48:55.320+0000][14568][safepoint   ] Safepoint "Cleanup", Time since last: 1006408300 ns, Reaching safepoint: 5874800 ns, Cleanup: 20900 ns, At safepoint: 22400 ns, Total: 5918100 ns
[2026-02-02T04:49:06.399+0000][14568][safepoint   ] Safepoint "Cleanup", Time since last: 11078813000 ns, Reaching safepoint: 23100 ns, Cleanup: 15100 ns, At safepoint: 2200 ns, Total: 40400 ns
[2026-02-02T04:49:12.424+0000][14568][safepoint   ] Safepoint "Cleanup", Time since last: 6024983200 ns, Reaching safepoint: 22200 ns, Cleanup: 24300 ns, At safepoint: 4300 ns, Total: 50800 ns
[2026-02-02T04:52:36.449+0000][14568][safepoint   ] Safepoint "Cleanup", Time since last: 204024962300 ns, Reaching safepoint: 24800 ns, Cleanup: 25800 ns, At safepoint: 3600 ns, Total: 54200 ns
[2026-02-02T04:53:35.609+0000][14568][safepoint   ] Safepoint "Cleanup", Time since last: 59160475400 ns, Reaching safepoint: 30400 ns, Cleanup: 25800 ns, At safepoint: 4700 ns, Total: 60900 ns
[2026-02-02T04:56:07.195+0000][14568][safepoint   ] Safepoint "Cleanup", Time since last: 151585547100 ns, Reaching safepoint: 30100 ns, Cleanup: 20700 ns, At safepoint: 4900 ns, Total: 55700 ns
[2026-02-02T04:56:34.959+0000][14568][safepoint   ] Safepoint "Cleanup", Time since last: 27763787200 ns, Reaching safepoint: 20000 ns, Cleanup: 24900 ns, At safepoint: 3600 ns, Total: 48500 ns
[2026-02-02T04:58:15.263+0000][14568][safepoint   ] Safepoint "Cleanup", Time since last: 100304181200 ns, Reaching safepoint: 38100 ns, Cleanup: 18800 ns, At safepoint: 2400 ns, Total: 59300 ns
[2026-02-02T04:59:58.366+0000][14568][safepoint   ] Safepoint "Cleanup", Time since last: 103103156700 ns, Reaching safepoint: 24300 ns, Cleanup: 22000 ns, At safepoint: 4200 ns, Total: 50500 ns
[2026-02-02T05:00:10.442+0000][14568][safepoint   ] Safepoint "Cleanup", Time since last: 12076505800 ns, Reaching safepoint: 11900 ns, Cleanup: 12300 ns, At safepoint: 1800 ns, Total: 26000 ns
[2026-02-02T05:01:55.776+0000][14568][safepoint   ] Safepoint "Cleanup", Time since last: 105332919900 ns, Reaching safepoint: 65100 ns, Cleanup: 120100 ns, At safepoint: 6200 ns, Total: 191400 ns
[2026-02-02T05:02:01.832+0000][14568][safepoint   ] Safepoint "Cleanup", Time since last: 6038192100 ns, Reaching safepoint: 15918700 ns, Cleanup: 329700 ns, At safepoint: 1068300 ns, Total: 17316700 ns
[2026-02-02T05:02:02.833+0000][14568][safepoint   ] Safepoint "Cleanup", Time since last: 1000281500 ns, Reaching safepoint: 29500 ns, Cleanup: 741900 ns, At safepoint: 129300 ns, Total: 900700 ns
[2026-02-02T05:02:03.834+0000][14568][safepoint   ] Safepoint "Cleanup", Time since last: 1000951200 ns, Reaching safepoint: 17000 ns, Cleanup: 36100 ns, At safepoint: 2500 ns, Total: 55600 ns
[2026-02-02T05:02:04.835+0000][14568][safepoint   ] Safepoint "Cleanup", Time since last: 1000942500 ns, Reaching safepoint: 16800 ns, Cleanup: 27200 ns, At safepoint: 2600 ns, Total: 46600 ns
[2026-02-02T05:02:05.835+0000][14568][safepoint   ] Safepoint "Cleanup", Time since last: 1000363600 ns, Reaching safepoint: 34000 ns, Cleanup: 32800 ns, At safepoint: 3300 ns, Total: 70100 ns
[2026-02-02T05:02:06.836+0000][14568][safepoint   ] Safepoint "Cleanup", Time since last: 1000668300 ns, Reaching safepoint: 17600 ns, Cleanup: 68500 ns, At safepoint: 5500 ns, Total: 91600 ns
[2026-02-02T05:02:07.838+0000][14568][safepoint   ] Safepoint "Cleanup", Time since last: 1001273000 ns, Reaching safepoint: 18700 ns, Cleanup: 357000 ns, At safepoint: 6000 ns, Total: 381700 ns
[2026-02-02T05:02:08.853+0000][14568][safepoint   ] Safepoint "Cleanup", Time since last: 1009859400 ns, Reaching safepoint: 5504400 ns, Cleanup: 29300 ns, At safepoint: 38100 ns, Total: 5571800 ns
[2026-02-02T05:02:10.645+0000][14568][safepoint   ] Safepoint "Cleanup", Time since last: 1791900400 ns, Reaching safepoint: 32200 ns, Cleanup: 137000 ns, At safepoint: 5300 ns, Total: 174500 ns
[2026-02-02T05:02:33.923+0000][14568][safepoint   ] Safepoint "Cleanup", Time since last: 23278046500 ns, Reaching safepoint: 27800 ns, Cleanup: 153500 ns, At safepoint: 32400 ns, Total: 213700 ns
[2026-02-02T05:02:36.959+0000][14568][safepoint   ] Safepoint "Cleanup", Time since last: 3035588500 ns, Reaching safepoint: 21000 ns, Cleanup: 16500 ns, At safepoint: 2700 ns, Total: 40200 ns
[2026-02-02T05:03:31.986+0000][14568][safepoint   ] Safepoint "Cleanup", Time since last: 55026887800 ns, Reaching safepoint: 30600 ns, Cleanup: 43900 ns, At safepoint: 5000 ns, Total: 79500 ns
[2026-02-02T05:03:32.987+0000][14568][safepoint   ] Safepoint "Cleanup", Time since last: 1001043300 ns, Reaching safepoint: 15500 ns, Cleanup: 17100 ns, At safepoint: 2100 ns, Total: 34700 ns
[2026-02-02T05:03:34.991+0000][14568][safepoint   ] Safepoint "Cleanup", Time since last: 2003379500 ns, Reaching safepoint: 16000 ns, Cleanup: 13200 ns, At safepoint: 2300 ns, Total: 31500 ns
[2026-02-02T05:04:13.234+0000][14568][safepoint   ] Safepoint "Cleanup", Time since last: 38243166600 ns, Reaching safepoint: 24400 ns, Cleanup: 50700 ns, At safepoint: 5100 ns, Total: 80200 ns
[2026-02-02T05:04:14.248+0000][14568][safepoint   ] Safepoint "Cleanup", Time since last: 1013857100 ns, Reaching safepoint: 39000 ns, Cleanup: 28400 ns, At safepoint: 4300 ns, Total: 71700 ns
[2026-02-02T05:04:27.301+0000][14568][safepoint   ] Safepoint "Cleanup", Time since last: 13053151500 ns, Reaching safepoint: 37200 ns, Cleanup: 26700 ns, At safepoint: 4800 ns, Total: 68700 ns
[2026-02-02T05:06:06.434+0000][14568][safepoint   ] Safepoint "Cleanup", Time since last: 99133260700 ns, Reaching safepoint: 39300 ns, Cleanup: 24100 ns, At safepoint: 2500 ns, Total: 65900 ns
[2026-02-02T05:06:42.446+0000][14568][safepoint   ] Safepoint "Cleanup", Time since last: 36011521300 ns, Reaching safepoint: 19200 ns, Cleanup: 14500 ns, At safepoint: 2600 ns, Total: 36300 ns
[2026-02-02T05:06:57.778+0000][14568][safepoint   ] Safepoint "Cleanup", Time since last: 15340528800 ns, Reaching safepoint: 7200 ns, Cleanup: 8700 ns, At safepoint: 16000 ns, Total: 31900 ns
[2026-02-02T05:06:58.787+0000][14568][safepoint   ] Safepoint "Cleanup", Time since last: 1000787800 ns, Reaching safepoint: 19600 ns, Cleanup: 56400 ns, At safepoint: 3600 ns, Total: 79600 ns
[2026-02-02T05:07:05.831+0000][14568][safepoint   ] Safepoint "Cleanup", Time since last: 7043693000 ns, Reaching safepoint: 20300 ns, Cleanup: 17200 ns, At safepoint: 3000 ns, Total: 40500 ns
[2026-02-02T05:07:08.841+0000][14568][safepoint   ] Safepoint "Cleanup", Time since last: 3009539800 ns, Reaching safepoint: 51900 ns, Cleanup: 40600 ns, At safepoint: 3500 ns, Total: 96000 ns
[2026-02-02T05:07:10.853+0000][14568][safepoint   ] Safepoint "Cleanup", Time since last: 2012235400 ns, Reaching safepoint: 17700 ns, Cleanup: 19200 ns, At safepoint: 2400 ns, Total: 39300 ns
[2026-02-02T05:07:13.872+0000][14568][safepoint   ] Safepoint "Cleanup", Time since last: 3019162700 ns, Reaching safepoint: 19600 ns, Cleanup: 22900 ns, At safepoint: 2400 ns, Total: 44900 ns
[2026-02-02T05:07:20.912+0000][14568][safepoint   ] Safepoint "Cleanup", Time since last: 7040208500 ns, Reaching safepoint: 22600 ns, Cleanup: 32400 ns, At safepoint: 3900 ns, Total: 58900 ns
[2026-02-02T05:07:28.969+0000][14568][safepoint   ] Safepoint "Cleanup", Time since last: 8040441800 ns, Reaching safepoint: 15735500 ns, Cleanup: 24000 ns, At safepoint: 7600 ns, Total: 15767100 ns
[2026-02-02T05:07:28.969+0000][14568][gc,start    ] GC(13) Pause Young (Normal) (G1 Evacuation Pause)
[2026-02-02T05:07:28.969+0000][14568][gc,task     ] GC(13) Using 13 workers of 13 for evacuation
[2026-02-02T05:07:28.969+0000][14568][gc,age      ] GC(13) Desired survivor size 39845888 bytes, new threshold 2 (max threshold 15)
[2026-02-02T05:07:29.066+0000][14568][gc,phases   ] GC(13)   Pre Evacuate Collection Set: 3.9ms
[2026-02-02T05:07:29.066+0000][14568][gc,phases   ] GC(13)   Merge Heap Roots: 0.2ms
[2026-02-02T05:07:29.066+0000][14568][gc,phases   ] GC(13)   Evacuate Collection Set: 79.0ms
[2026-02-02T05:07:29.066+0000][14568][gc,phases   ] GC(13)   Post Evacuate Collection Set: 7.8ms
[2026-02-02T05:07:29.067+0000][14568][gc,phases   ] GC(13)   Other: 3.1ms
[2026-02-02T05:07:29.067+0000][14568][gc,age      ] GC(13) Age table with threshold 2 (max threshold 15)
[2026-02-02T05:07:29.067+0000][14568][gc,age      ] GC(13) - age   1:    5705280 bytes,    5705280 total
[2026-02-02T05:07:29.067+0000][14568][gc,age      ] GC(13) - age   2:   23492168 bytes,   29197448 total
[2026-02-02T05:07:29.067+0000][14568][gc,heap     ] GC(13) Eden regions: 126->0(469)
[2026-02-02T05:07:29.067+0000][14568][gc,heap     ] GC(13) Survivor regions: 25->11(19)
[2026-02-02T05:07:29.067+0000][14568][gc,heap     ] GC(13) Old regions: 0->18
[2026-02-02T05:07:29.067+0000][14568][gc,heap     ] GC(13) Humongous regions: 2->2
[2026-02-02T05:07:29.068+0000][14568][gc,metaspace] GC(13) Metaspace: 115175K(118144K)->115175K(118144K) NonClass: 99404K(100992K)->99404K(100992K) Class: 15770K(17152K)->15770K(17152K)
[2026-02-02T05:07:29.068+0000][14568][gc          ] GC(13) Pause Young (Normal) (G1 Evacuation Pause) 610M->122M(8056M) 97.365ms
[2026-02-02T05:07:29.068+0000][14568][gc,cpu      ] GC(13) User=0.22s Sys=0.50s Real=0.10s
[2026-02-02T05:07:29.068+0000][14568][safepoint   ] Safepoint "G1CollectForAllocation", Time since last: 592600 ns, Reaching safepoint: 9700 ns, Cleanup: 2700 ns, At safepoint: 98485900 ns, Total: 98498300 ns
[2026-02-02T05:09:06.876+0000][14568][safepoint   ] Safepoint "Cleanup", Time since last: 97808467800 ns, Reaching safepoint: 13500 ns, Cleanup: 14900 ns, At safepoint: 3600 ns, Total: 32000 ns
[2026-02-02T05:11:36.970+0000][14568][safepoint   ] Safepoint "Cleanup", Time since last: 150093893000 ns, Reaching safepoint: 16000 ns, Cleanup: 16800 ns, At safepoint: 2500 ns, Total: 35300 ns
[2026-02-02T05:12:14.174+0000][14568][safepoint   ] Safepoint "Cleanup", Time since last: 37203212700 ns, Reaching safepoint: 20500 ns, Cleanup: 20700 ns, At safepoint: 5800 ns, Total: 47000 ns
[2026-02-02T05:12:20.206+0000][14568][safepoint   ] Safepoint "Cleanup", Time since last: 6033041800 ns, Reaching safepoint: 20400 ns, Cleanup: 16300 ns, At safepoint: 2700 ns, Total: 39400 ns
[2026-02-02T05:13:35.101+0000][14568][safepoint   ] Safepoint "Cleanup", Time since last: 74894754400 ns, Reaching safepoint: 27500 ns, Cleanup: 22300 ns, At safepoint: 4100 ns, Total: 53900 ns
[2026-02-02T05:16:57.594+0000][14568][safepoint   ] Safepoint "Cleanup", Time since last: 202492435100 ns, Reaching safepoint: 23800 ns, Cleanup: 20900 ns, At safepoint: 3300 ns, Total: 48000 ns
[2026-02-02T05:17:06.660+0000][14568][safepoint   ] Safepoint "Cleanup", Time since last: 9065670700 ns, Reaching safepoint: 32000 ns, Cleanup: 27100 ns, At safepoint: 4500 ns, Total: 63600 ns
[2026-02-02T05:19:36.691+0000][14568][safepoint   ] Safepoint "Cleanup", Time since last: 150032006700 ns, Reaching safepoint: 21800 ns, Cleanup: 24200 ns, At safepoint: 4200 ns, Total: 50200 ns
[2026-02-02T05:20:12.998+0000][14568][safepoint   ] Safepoint "Cleanup", Time since last: 36306920400 ns, Reaching safepoint: 24500 ns, Cleanup: 15800 ns, At safepoint: 3000 ns, Total: 43300 ns
[2026-02-02T05:22:35.350+0000][14568][gc,start    ] GC(14) Pause Young (Concurrent Start) (CodeCache GC Threshold)
[2026-02-02T05:22:35.350+0000][14568][gc,task     ] GC(14) Using 13 workers of 13 for evacuation
[2026-02-02T05:22:35.350+0000][14568][gc,age      ] GC(14) Desired survivor size 125829120 bytes, new threshold 15 (max threshold 15)
[2026-02-02T05:22:35.416+0000][14568][gc,phases   ] GC(14)   Pre Evacuate Collection Set: 23.2ms
[2026-02-02T05:22:35.416+0000][14568][gc,phases   ] GC(14)   Merge Heap Roots: 0.4ms
[2026-02-02T05:22:35.416+0000][14568][gc,phases   ] GC(14)   Evacuate Collection Set: 44.5ms
[2026-02-02T05:22:35.416+0000][14568][gc,phases   ] GC(14)   Post Evacuate Collection Set: 4.8ms
[2026-02-02T05:22:35.416+0000][14568][gc,phases   ] GC(14)   Other: -6.7ms
[2026-02-02T05:22:35.416+0000][14568][gc,age      ] GC(14) Age table with threshold 15 (max threshold 15)
[2026-02-02T05:22:35.416+0000][14568][gc,age      ] GC(14) - age   1:    1360672 bytes,    1360672 total
[2026-02-02T05:22:35.416+0000][14568][gc,age      ] GC(14) - age   2:    5574208 bytes,    6934880 total
[2026-02-02T05:22:35.416+0000][14568][gc,age      ] GC(14) - age   3:   23489600 bytes,   30424480 total
[2026-02-02T05:22:35.416+0000][14568][gc,heap     ] GC(14) Eden regions: 46->0(578)
[2026-02-02T05:22:35.416+0000][14568][gc,heap     ] GC(14) Survivor regions: 11->10(60)
[2026-02-02T05:22:35.416+0000][14568][gc,heap     ] GC(14) Old regions: 18->18
[2026-02-02T05:22:35.416+0000][14568][gc,heap     ] GC(14) Humongous regions: 2->2
[2026-02-02T05:22:35.416+0000][14568][gc,metaspace] GC(14) Metaspace: 115189K(118144K)->115189K(118144K) NonClass: 99419K(100992K)->99419K(100992K) Class: 15770K(17152K)->15770K(17152K)
[2026-02-02T05:22:35.416+0000][14568][gc          ] GC(14) Pause Young (Concurrent Start) (CodeCache GC Threshold) 303M->116M(8056M) 66.704ms
[2026-02-02T05:22:35.416+0000][14568][gc,cpu      ] GC(14) User=0.06s Sys=0.20s Real=0.07s
[2026-02-02T05:22:35.417+0000][14568][safepoint   ] Safepoint "G1TryInitiateConcMark", Time since last: 142351180300 ns, Reaching safepoint: 207300 ns, Cleanup: 3900 ns, At safepoint: 67091500 ns, Total: 67302700 ns
[2026-02-02T05:22:35.417+0000][14568][gc          ] GC(15) Concurrent Mark Cycle
[2026-02-02T05:22:35.417+0000][14568][gc,marking  ] GC(15) Concurrent Scan Root Regions
[2026-02-02T05:22:35.447+0000][14568][gc,marking  ] GC(15) Concurrent Scan Root Regions 30.726ms
[2026-02-02T05:22:35.447+0000][14568][gc,marking  ] GC(15) Concurrent Mark
[2026-02-02T05:22:35.447+0000][14568][gc,marking  ] GC(15) Concurrent Mark From Roots
[2026-02-02T05:22:35.447+0000][14568][gc,task     ] GC(15) Using 3 workers of 3 for marking
[2026-02-02T05:22:35.544+0000][14568][gc,marking  ] GC(15) Concurrent Mark From Roots 96.155ms
[2026-02-02T05:22:35.544+0000][14568][gc,marking  ] GC(15) Concurrent Preclean
[2026-02-02T05:22:35.544+0000][14568][gc,marking  ] GC(15) Concurrent Preclean 0.160ms
[2026-02-02T05:22:35.544+0000][14568][gc,start    ] GC(15) Pause Remark
[2026-02-02T05:22:35.703+0000][14568][gc          ] GC(15) Pause Remark 120M->120M(8056M) 158.835ms
[2026-02-02T05:22:35.704+0000][14568][gc,cpu      ] GC(15) User=0.11s Sys=0.28s Real=0.16s
[2026-02-02T05:22:35.704+0000][14568][safepoint   ] Safepoint "G1PauseRemark", Time since last: 127543700 ns, Reaching safepoint: 18300 ns, Cleanup: 11000 ns, At safepoint: 159180200 ns, Total: 159209500 ns
[2026-02-02T05:22:35.704+0000][14568][gc,marking  ] GC(15) Concurrent Mark 255.778ms
[2026-02-02T05:22:35.704+0000][14568][gc,marking  ] GC(15) Concurrent Rebuild Remembered Sets and Scrub Regions
[2026-02-02T05:22:35.738+0000][14568][gc,marking  ] GC(15) Concurrent Rebuild Remembered Sets and Scrub Regions 34.491ms
[2026-02-02T05:22:35.739+0000][14568][gc,start    ] GC(15) Pause Cleanup
[2026-02-02T05:22:35.741+0000][14568][gc          ] GC(15) Pause Cleanup 120M->120M(8056M) 0.917ms
[2026-02-02T05:22:35.741+0000][14568][gc,cpu      ] GC(15) User=0.00s Sys=0.00s Real=0.00s
[2026-02-02T05:22:35.741+0000][14568][safepoint   ] Safepoint "G1PauseCleanup", Time since last: 34923000 ns, Reaching safepoint: 26700 ns, Cleanup: 890400 ns, At safepoint: 1078700 ns, Total: 1995800 ns
[2026-02-02T05:22:35.741+0000][14568][gc,marking  ] GC(15) Concurrent Clear Claimed Marks
[2026-02-02T05:22:35.741+0000][14568][gc,marking  ] GC(15) Concurrent Clear Claimed Marks 0.311ms
[2026-02-02T05:22:35.741+0000][14568][gc,marking  ] GC(15) Concurrent Cleanup for Next Mark
[2026-02-02T05:22:35.779+0000][14568][gc,marking  ] GC(15) Concurrent Cleanup for Next Mark 37.717ms
[2026-02-02T05:22:35.779+0000][14568][gc          ] GC(15) Concurrent Mark Cycle 361.731ms
[2026-02-02T05:25:04.602+0000][14568][safepoint   ] Safepoint "Cleanup", Time since last: 148861521200 ns, Reaching safepoint: 33000 ns, Cleanup: 19400 ns, At safepoint: 3300 ns, Total: 55700 ns
[2026-02-02T05:25:49.638+0000][14568][safepoint   ] Safepoint "Cleanup", Time since last: 45035665100 ns, Reaching safepoint: 21900 ns, Cleanup: 17100 ns, At safepoint: 3800 ns, Total: 42800 ns
[2026-02-02T05:26:34.761+0000][14568][safepoint   ] Safepoint "Cleanup", Time since last: 45122480700 ns, Reaching safepoint: 38000 ns, Cleanup: 199000 ns, At safepoint: 9500 ns, Total: 246500 ns
[2026-02-02T05:26:39.813+0000][14568][safepoint   ] Safepoint "Cleanup", Time since last: 5052673000 ns, Reaching safepoint: 185400 ns, Cleanup: 43300 ns, At safepoint: 7600 ns, Total: 236300 ns
[2026-02-02T05:26:40.821+0000][14568][safepoint   ] Safepoint "Cleanup", Time since last: 1007208500 ns, Reaching safepoint: 28300 ns, Cleanup: 68400 ns, At safepoint: 35600 ns, Total: 132300 ns
[2026-02-02T05:26:41.828+0000][14568][safepoint   ] Safepoint "Cleanup", Time since last: 1006064600 ns, Reaching safepoint: 425600 ns, Cleanup: 59100 ns, At safepoint: 117100 ns, Total: 601800 ns
[2026-02-02T05:26:43.834+0000][14568][safepoint   ] Safepoint "Cleanup", Time since last: 2005808000 ns, Reaching safepoint: 29500 ns, Cleanup: 94700 ns, At safepoint: 4600 ns, Total: 128800 ns
[2026-02-02T05:26:44.854+0000][14568][safepoint   ] Safepoint "Cleanup", Time since last: 1004409300 ns, Reaching safepoint: 15632500 ns, Cleanup: 34200 ns, At safepoint: 52700 ns, Total: 15719400 ns
[2026-02-02T05:26:45.856+0000][14568][safepoint   ] Safepoint "Cleanup", Time since last: 1001986200 ns, Reaching safepoint: 18000 ns, Cleanup: 14800 ns, At safepoint: 2400 ns, Total: 35200 ns
[2026-02-02T05:26:46.870+0000][14568][safepoint   ] Safepoint "Cleanup", Time since last: 1013965700 ns, Reaching safepoint: 34900 ns, Cleanup: 47300 ns, At safepoint: 3300 ns, Total: 85500 ns
[2026-02-02T05:26:47.870+0000][14568][safepoint   ] Safepoint "Cleanup", Time since last: 1000535400 ns, Reaching safepoint: 41500 ns, Cleanup: 44500 ns, At safepoint: 3800 ns, Total: 89800 ns
[2026-02-02T05:27:12.006+0000][14568][safepoint   ] Safepoint "Cleanup", Time since last: 24135995400 ns, Reaching safepoint: 36500 ns, Cleanup: 26500 ns, At safepoint: 5100 ns, Total: 68100 ns
[2026-02-02T05:27:23.043+0000][14568][safepoint   ] Safepoint "Cleanup", Time since last: 11036945900 ns, Reaching safepoint: 13900 ns, Cleanup: 17000 ns, At safepoint: 2200 ns, Total: 33100 ns
[2026-02-02T05:27:24.049+0000][14568][safepoint   ] Safepoint "Cleanup", Time since last: 1005367400 ns, Reaching safepoint: 21700 ns, Cleanup: 18800 ns, At safepoint: 4000 ns, Total: 44500 ns
[2026-02-02T05:27:33.133+0000][14568][safepoint   ] Safepoint "Cleanup", Time since last: 9085056000 ns, Reaching safepoint: 19600 ns, Cleanup: 12900 ns, At safepoint: 2400 ns, Total: 34900 ns
[2026-02-02T05:28:39.012+0000][14568][safepoint   ] Safepoint "Cleanup", Time since last: 65877777300 ns, Reaching safepoint: 20000 ns, Cleanup: 27100 ns, At safepoint: 3000 ns, Total: 50100 ns
[2026-02-02T05:29:23.483+0000][14568][safepoint   ] Safepoint "Cleanup", Time since last: 44470790200 ns, Reaching safepoint: 678100 ns, Cleanup: 56700 ns, At safepoint: 17700 ns, Total: 752500 ns
[2026-02-02T05:29:41.197+0000][14568][safepoint   ] Safepoint "Cleanup", Time since last: 17714045700 ns, Reaching safepoint: 38900 ns, Cleanup: 24900 ns, At safepoint: 4700 ns, Total: 68500 ns
[2026-02-02T05:31:45.574+0000][14568][safepoint   ] Safepoint "Cleanup", Time since last: 124376847600 ns, Reaching safepoint: 30100 ns, Cleanup: 47800 ns, At safepoint: 3100 ns, Total: 81000 ns
[2026-02-02T05:31:46.586+0000][14568][safepoint   ] Safepoint "Cleanup", Time since last: 1011910200 ns, Reaching safepoint: 29700 ns, Cleanup: 27000 ns, At safepoint: 4700 ns, Total: 61400 ns
[2026-02-02T05:31:51.638+0000][14568][safepoint   ] Safepoint "Cleanup", Time since last: 5051388900 ns, Reaching safepoint: 24000 ns, Cleanup: 23500 ns, At safepoint: 2500 ns, Total: 50000 ns
[2026-02-02T05:32:07.800+0000][14568][safepoint   ] Safepoint "Cleanup", Time since last: 16162301700 ns, Reaching safepoint: 23600 ns, Cleanup: 15600 ns, At safepoint: 3200 ns, Total: 42400 ns
[2026-02-02T05:33:35.802+0000][14568][safepoint   ] Safepoint "Cleanup", Time since last: 88002117400 ns, Reaching safepoint: 21600 ns, Cleanup: 16900 ns, At safepoint: 2900 ns, Total: 41400 ns
[2026-02-02T05:34:32.291+0000][14568][safepoint   ] Safepoint "Cleanup", Time since last: 56488412700 ns, Reaching safepoint: 33100 ns, Cleanup: 22900 ns, At safepoint: 3900 ns, Total: 59900 ns
[2026-02-02T05:34:36.922+0000][14568][safepoint   ] Safepoint "Cleanup", Time since last: 4630907600 ns, Reaching safepoint: 22000 ns, Cleanup: 16700 ns, At safepoint: 2600 ns, Total: 41300 ns
[2026-02-02T05:34:40.959+0000][14568][safepoint   ] Safepoint "Cleanup", Time since last: 4037254000 ns, Reaching safepoint: 21700 ns, Cleanup: 16800 ns, At safepoint: 2500 ns, Total: 41000 ns
[2026-02-02T05:34:42.961+0000][14568][safepoint   ] Safepoint "Cleanup", Time since last: 2001820200 ns, Reaching safepoint: 19200 ns, Cleanup: 11600 ns, At safepoint: 2500 ns, Total: 33300 ns
[2026-02-02T05:34:47.982+0000][14568][safepoint   ] Safepoint "Cleanup", Time since last: 5021085000 ns, Reaching safepoint: 16500 ns, Cleanup: 12600 ns, At safepoint: 2300 ns, Total: 31400 ns
[2026-02-02T05:35:00.074+0000][14568][safepoint   ] Safepoint "Cleanup", Time since last: 12092006900 ns, Reaching safepoint: 22200 ns, Cleanup: 17600 ns, At safepoint: 2500 ns, Total: 42300 ns
[2026-02-02T05:35:06.099+0000][14568][safepoint   ] Safepoint "Cleanup", Time since last: 6024789500 ns, Reaching safepoint: 33600 ns, Cleanup: 26500 ns, At safepoint: 4900 ns, Total: 65000 ns
[2026-02-02T05:35:08.115+0000][14568][safepoint   ] Safepoint "Cleanup", Time since last: 2016059800 ns, Reaching safepoint: 16900 ns, Cleanup: 12400 ns, At safepoint: 2000 ns, Total: 31300 ns
[2026-02-02T05:35:15.166+0000][14568][safepoint   ] Safepoint "Cleanup", Time since last: 7051229500 ns, Reaching safepoint: 29100 ns, Cleanup: 22200 ns, At safepoint: 4100 ns, Total: 55400 ns
[2026-02-02T05:35:33.300+0000][14568][safepoint   ] Safepoint "Cleanup", Time since last: 18134329600 ns, Reaching safepoint: 24200 ns, Cleanup: 18400 ns, At safepoint: 3400 ns, Total: 46000 ns
[2026-02-02T05:36:40.373+0000][14568][safepoint   ] Safepoint "Cleanup", Time since last: 67072725000 ns, Reaching safepoint: 28500 ns, Cleanup: 22400 ns, At safepoint: 4600 ns, Total: 55500 ns
[2026-02-02T05:40:37.686+0000][14568][safepoint   ] Safepoint "Cleanup", Time since last: 237312421900 ns, Reaching safepoint: 19200 ns, Cleanup: 15100 ns, At safepoint: 2300 ns, Total: 36600 ns
[2026-02-02T05:41:07.821+0000][14568][safepoint   ] Safepoint "Cleanup", Time since last: 30135286500 ns, Reaching safepoint: 26200 ns, Cleanup: 26600 ns, At safepoint: 4300 ns, Total: 57100 ns
[2026-02-02T05:42:15.117+0000][14568][safepoint   ] Safepoint "Cleanup", Time since last: 67290395300 ns, Reaching safepoint: 36200 ns, Cleanup: 5699500 ns, At safepoint: 19200 ns, Total: 5754900 ns
[2026-02-02T05:42:20.157+0000][14568][safepoint   ] Safepoint "Cleanup", Time since last: 5039636600 ns, Reaching safepoint: 666600 ns, Cleanup: 32300 ns, At safepoint: 39200 ns, Total: 738100 ns
[2026-02-02T05:42:21.169+0000][14568][safepoint   ] Safepoint "Cleanup", Time since last: 1011681100 ns, Reaching safepoint: 321400 ns, Cleanup: 95900 ns, At safepoint: 41500 ns, Total: 458800 ns
[2026-02-02T05:42:22.189+0000][14568][safepoint   ] Safepoint "Cleanup", Time since last: 1013889100 ns, Reaching safepoint: 788700 ns, Cleanup: 25900 ns, At safepoint: 3906100 ns, Total: 4720700 ns
[2026-02-02T05:42:23.200+0000][14568][safepoint   ] Safepoint "Cleanup", Time since last: 1011951300 ns, Reaching safepoint: 18900 ns, Cleanup: 38800 ns, At safepoint: 2400 ns, Total: 60100 ns
[2026-02-02T05:42:24.202+0000][14568][safepoint   ] Safepoint "Cleanup", Time since last: 1001127700 ns, Reaching safepoint: 18100 ns, Cleanup: 33300 ns, At safepoint: 2300 ns, Total: 53700 ns
[2026-02-02T05:42:25.206+0000][14568][safepoint   ] Safepoint "Cleanup", Time since last: 1004669700 ns, Reaching safepoint: 24300 ns, Cleanup: 20500 ns, At safepoint: 3000 ns, Total: 47800 ns
[2026-02-02T05:42:26.212+0000][14568][safepoint   ] Safepoint "Cleanup", Time since last: 1006025800 ns, Reaching safepoint: 44600 ns, Cleanup: 44800 ns, At safepoint: 5700 ns, Total: 95100 ns
[2026-02-02T05:42:27.227+0000][14568][safepoint   ] Safepoint "Cleanup", Time since last: 1014810300 ns, Reaching safepoint: 376600 ns, Cleanup: 14800 ns, At safepoint: 20800 ns, Total: 412200 ns
[2026-02-02T05:42:28.232+0000][14568][safepoint   ] Safepoint "Cleanup", Time since last: 1004068000 ns, Reaching safepoint: 23500 ns, Cleanup: 63100 ns, At safepoint: 45100 ns, Total: 131700 ns
[2026-02-02T05:42:29.243+0000][14568][safepoint   ] Safepoint "Cleanup", Time since last: 1010890700 ns, Reaching safepoint: 27500 ns, Cleanup: 85500 ns, At safepoint: 5300 ns, Total: 118300 ns
[2026-02-02T05:43:15.113+0000][14568][safepoint   ] Safepoint "Cleanup", Time since last: 45870299700 ns, Reaching safepoint: 24000 ns, Cleanup: 23500 ns, At safepoint: 7300 ns, Total: 54800 ns
[2026-02-02T05:43:36.071+0000][14568][safepoint   ] Safepoint "Cleanup", Time since last: 20958282600 ns, Reaching safepoint: 9800 ns, Cleanup: 14800 ns, At safepoint: 28500 ns, Total: 53100 ns
[2026-02-02T05:43:52.455+0000][14568][safepoint   ] Safepoint "Cleanup", Time since last: 16389952700 ns, Reaching safepoint: 15500 ns, Cleanup: 44000 ns, At safepoint: 2400 ns, Total: 61900 ns
[2026-02-02T05:43:54.363+0000][14568][safepoint   ] Safepoint "Cleanup", Time since last: 1901231500 ns, Reaching safepoint: 17700 ns, Cleanup: 101800 ns, At safepoint: 5000 ns, Total: 124500 ns
[2026-02-02T05:44:20.601+0000][14568][safepoint   ] Safepoint "Cleanup", Time since last: 26238514100 ns, Reaching safepoint: 19300 ns, Cleanup: 14700 ns, At safepoint: 2200 ns, Total: 36200 ns
[2026-02-02T05:47:07.820+0000][14568][safepoint   ] Safepoint "Cleanup", Time since last: 167218053800 ns, Reaching safepoint: 36400 ns, Cleanup: 21400 ns, At safepoint: 3100 ns, Total: 60900 ns
[2026-02-02T05:47:20.910+0000][14568][safepoint   ] Safepoint "Cleanup", Time since last: 13090735200 ns, Reaching safepoint: 32500 ns, Cleanup: 17500 ns, At safepoint: 2900 ns, Total: 52900 ns
[2026-02-02T05:47:26.932+0000][14568][safepoint   ] Safepoint "Cleanup", Time since last: 6021575300 ns, Reaching safepoint: 30500 ns, Cleanup: 19500 ns, At safepoint: 8700 ns, Total: 58700 ns
[2026-02-02T05:47:52.861+0000][14568][safepoint   ] Safepoint "Cleanup", Time since last: 25929073700 ns, Reaching safepoint: 40300 ns, Cleanup: 27600 ns, At safepoint: 4100 ns, Total: 72000 ns
[2026-02-02T05:48:07.941+0000][14568][safepoint   ] Safepoint "Cleanup", Time since last: 15079506000 ns, Reaching safepoint: 63800 ns, Cleanup: 53800 ns, At safepoint: 12200 ns, Total: 129800 ns
[2026-02-02T05:48:56.931+0000][14568][safepoint   ] Safepoint "Cleanup", Time since last: 48990172700 ns, Reaching safepoint: 27300 ns, Cleanup: 22900 ns, At safepoint: 4000 ns, Total: 54200 ns
[2026-02-02T05:49:23.110+0000][14568][safepoint   ] Safepoint "Cleanup", Time since last: 26177885400 ns, Reaching safepoint: 29000 ns, Cleanup: 1408900 ns, At safepoint: 7500 ns, Total: 1445400 ns
[2026-02-02T05:49:28.141+0000][14568][safepoint   ] Safepoint "Cleanup", Time since last: 5030587200 ns, Reaching safepoint: 19000 ns, Cleanup: 22100 ns, At safepoint: 2300 ns, Total: 43400 ns
[2026-02-02T05:49:29.144+0000][14568][safepoint   ] Safepoint "Cleanup", Time since last: 1003293300 ns, Reaching safepoint: 334600 ns, Cleanup: 277500 ns, At safepoint: 22100 ns, Total: 634200 ns
[2026-02-02T05:49:30.147+0000][14568][safepoint   ] Safepoint "Cleanup", Time since last: 1002363400 ns, Reaching safepoint: 57200 ns, Cleanup: 13000 ns, At safepoint: 626600 ns, Total: 696800 ns
[2026-02-02T05:49:31.152+0000][14568][safepoint   ] Safepoint "Cleanup", Time since last: 1004326000 ns, Reaching safepoint: 38100 ns, Cleanup: 16500 ns, At safepoint: 3000 ns, Total: 57600 ns
[2026-02-02T05:49:32.157+0000][14568][safepoint   ] Safepoint "Cleanup", Time since last: 1004906800 ns, Reaching safepoint: 453800 ns, Cleanup: 45700 ns, At safepoint: 29300 ns, Total: 528800 ns
[2026-02-02T05:49:33.163+0000][14568][safepoint   ] Safepoint "Cleanup", Time since last: 1005233300 ns, Reaching safepoint: 641400 ns, Cleanup: 43700 ns, At safepoint: 36900 ns, Total: 722000 ns
[2026-02-02T05:49:34.165+0000][14568][safepoint   ] Safepoint "Cleanup", Time since last: 1000700300 ns, Reaching safepoint: 43100 ns, Cleanup: 36300 ns, At safepoint: 48800 ns, Total: 128200 ns
[2026-02-02T05:49:35.168+0000][14568][safepoint   ] Safepoint "Cleanup", Time since last: 1003435800 ns, Reaching safepoint: 23300 ns, Cleanup: 39500 ns, At safepoint: 3300 ns, Total: 66100 ns
[2026-02-02T05:49:36.174+0000][14568][safepoint   ] Safepoint "Cleanup", Time since last: 1006234100 ns, Reaching safepoint: 23100 ns, Cleanup: 22100 ns, At safepoint: 3300 ns, Total: 48500 ns
[2026-02-02T05:49:37.967+0000][14568][safepoint   ] Safepoint "Cleanup", Time since last: 1792478500 ns, Reaching safepoint: 34000 ns, Cleanup: 29400 ns, At safepoint: 5300 ns, Total: 68700 ns
[2026-02-02T05:50:34.308+0000][14568][safepoint   ] Safepoint "Cleanup", Time since last: 56341126700 ns, Reaching safepoint: 22800 ns, Cleanup: 18700 ns, At safepoint: 2900 ns, Total: 44400 ns
[2026-02-02T05:50:38.156+0000][14568][safepoint   ] Safepoint "Cleanup", Time since last: 3847629900 ns, Reaching safepoint: 24900 ns, Cleanup: 25400 ns, At safepoint: 4000 ns, Total: 54300 ns
[2026-02-02T05:51:30.523+0000][14568][safepoint   ] Safepoint "Cleanup", Time since last: 52367479500 ns, Reaching safepoint: 22700 ns, Cleanup: 15700 ns, At safepoint: 2300 ns, Total: 40700 ns
[2026-02-02T05:51:51.293+0000][14568][safepoint   ] Safepoint "Cleanup", Time since last: 20769684100 ns, Reaching safepoint: 33300 ns, Cleanup: 28400 ns, At safepoint: 6000 ns, Total: 67700 ns
[2026-02-02T05:51:52.307+0000][14568][safepoint   ] Safepoint "Cleanup", Time since last: 1013596300 ns, Reaching safepoint: 23100 ns, Cleanup: 23000 ns, At safepoint: 2700 ns, Total: 48800 ns
[2026-02-02T05:52:08.406+0000][14568][safepoint   ] Safepoint "Cleanup", Time since last: 16099643400 ns, Reaching safepoint: 54400 ns, Cleanup: 17700 ns, At safepoint: 4300 ns, Total: 76400 ns
[2026-02-02T05:52:38.342+0000][14568][safepoint   ] Safepoint "Cleanup", Time since last: 29936074200 ns, Reaching safepoint: 25000 ns, Cleanup: 21400 ns, At safepoint: 3900 ns, Total: 50300 ns
[2026-02-02T05:55:07.764+0000][14568][safepoint   ] Safepoint "Cleanup", Time since last: 149421282200 ns, Reaching safepoint: 68000 ns, Cleanup: 28300 ns, At safepoint: 6400 ns, Total: 102700 ns
[2026-02-02T05:56:52.814+0000][14568][safepoint   ] Safepoint "Cleanup", Time since last: 105049647200 ns, Reaching safepoint: 19200 ns, Cleanup: 15300 ns, At safepoint: 2200 ns, Total: 36700 ns
[2026-02-02T05:57:07.926+0000][14568][safepoint   ] Safepoint "Cleanup", Time since last: 15112492100 ns, Reaching safepoint: 31200 ns, Cleanup: 17000 ns, At safepoint: 2800 ns, Total: 51000 ns
[2026-02-02T05:57:37.177+0000][14568][safepoint   ] Safepoint "Cleanup", Time since last: 29250441600 ns, Reaching safepoint: 22900 ns, Cleanup: 22800 ns, At safepoint: 2800 ns, Total: 48500 ns
[2026-02-02T05:57:38.791+0000][14568][safepoint   ] Safepoint "Cleanup", Time since last: 1614257200 ns, Reaching safepoint: 22500 ns, Cleanup: 129600 ns, At safepoint: 33300 ns, Total: 185400 ns
[2026-02-02T05:57:39.793+0000][14568][safepoint   ] Safepoint "Cleanup", Time since last: 1001620800 ns, Reaching safepoint: 17200 ns, Cleanup: 30900 ns, At safepoint: 1800 ns, Total: 49900 ns
[2026-02-02T05:57:40.800+0000][14568][safepoint   ] Safepoint "Cleanup", Time since last: 1006697900 ns, Reaching safepoint: 125500 ns, Cleanup: 19400 ns, At safepoint: 47200 ns, Total: 192100 ns
[2026-02-02T05:57:41.808+0000][14568][safepoint   ] Safepoint "Cleanup", Time since last: 1007800700 ns, Reaching safepoint: 23900 ns, Cleanup: 49800 ns, At safepoint: 3000 ns, Total: 76700 ns
[2026-02-02T05:57:42.822+0000][14568][safepoint   ] Safepoint "Cleanup", Time since last: 1014251600 ns, Reaching safepoint: 24800 ns, Cleanup: 120700 ns, At safepoint: 4000 ns, Total: 149500 ns
[2026-02-02T05:57:43.829+0000][14568][safepoint   ] Safepoint "Cleanup", Time since last: 1006814000 ns, Reaching safepoint: 26700 ns, Cleanup: 49500 ns, At safepoint: 3100 ns, Total: 79300 ns
[2026-02-02T05:58:00.958+0000][14568][safepoint   ] Safepoint "Cleanup", Time since last: 17129365600 ns, Reaching safepoint: 27900 ns, Cleanup: 23500 ns, At safepoint: 2300 ns, Total: 53700 ns
[2026-02-02T05:58:18.089+0000][14568][safepoint   ] Safepoint "Cleanup", Time since last: 17131248800 ns, Reaching safepoint: 18800 ns, Cleanup: 34200 ns, At safepoint: 2900 ns, Total: 55900 ns
[2026-02-02T05:59:40.030+0000][14568][safepoint   ] Safepoint "Cleanup", Time since last: 81940813200 ns, Reaching safepoint: 27000 ns, Cleanup: 19800 ns, At safepoint: 11500 ns, Total: 58300 ns
[2026-02-02T06:02:03.405+0000][14568][safepoint   ] Safepoint "Cleanup", Time since last: 143374341700 ns, Reaching safepoint: 22000 ns, Cleanup: 19100 ns, At safepoint: 3200 ns, Total: 44300 ns
[2026-02-02T06:02:43.453+0000][14568][safepoint   ] Safepoint "Cleanup", Time since last: 40048616900 ns, Reaching safepoint: 29600 ns, Cleanup: 82800 ns, At safepoint: 4300 ns, Total: 116700 ns
[2026-02-02T06:06:09.960+0000][14568][safepoint   ] Safepoint "Cleanup", Time since last: 206428380900 ns, Reaching safepoint: 78112700 ns, Cleanup: 22700 ns, At safepoint: 357200 ns, Total: 78492600 ns
[2026-02-02T06:06:21.041+0000][14568][safepoint   ] Safepoint "Cleanup", Time since last: 11080970500 ns, Reaching safepoint: 16100 ns, Cleanup: 12300 ns, At safepoint: 2100 ns, Total: 30500 ns
[2026-02-02T06:10:14.580+0000][14568][safepoint   ] Safepoint "Cleanup", Time since last: 233538891900 ns, Reaching safepoint: 67000 ns, Cleanup: 17000 ns, At safepoint: 3200 ns, Total: 87200 ns
[2026-02-02T06:10:19.618+0000][14568][safepoint   ] Safepoint "Cleanup", Time since last: 5037903600 ns, Reaching safepoint: 81200 ns, Cleanup: 45600 ns, At safepoint: 19900 ns, Total: 146700 ns
[2026-02-02T06:10:20.633+0000][14568][safepoint   ] Safepoint "Cleanup", Time since last: 1014815600 ns, Reaching safepoint: 15600 ns, Cleanup: 19400 ns, At safepoint: 2400 ns, Total: 37400 ns
[2026-02-02T06:10:21.640+0000][14568][safepoint   ] Safepoint "Cleanup", Time since last: 1006840800 ns, Reaching safepoint: 101300 ns, Cleanup: 26900 ns, At safepoint: 36000 ns, Total: 164200 ns
[2026-02-02T06:10:22.654+0000][14568][safepoint   ] Safepoint "Cleanup", Time since last: 1013387600 ns, Reaching safepoint: 260800 ns, Cleanup: 33300 ns, At safepoint: 77600 ns, Total: 371700 ns
[2026-02-02T06:10:23.659+0000][14568][safepoint   ] Safepoint "Cleanup", Time since last: 1005045900 ns, Reaching safepoint: 29500 ns, Cleanup: 618700 ns, At safepoint: 8100 ns, Total: 656300 ns
[2026-02-02T06:10:24.668+0000][14568][safepoint   ] Safepoint "Cleanup", Time since last: 1007691600 ns, Reaching safepoint: 15500 ns, Cleanup: 22800 ns, At safepoint: 50700 ns, Total: 89000 ns
[2026-02-02T06:10:37.748+0000][14568][safepoint   ] Safepoint "Cleanup", Time since last: 13080753700 ns, Reaching safepoint: 24800 ns, Cleanup: 18400 ns, At safepoint: 2700 ns, Total: 45900 ns
[2026-02-02T06:11:00.446+0000][14568][safepoint   ] Safepoint "Cleanup", Time since last: 22697294200 ns, Reaching safepoint: 21400 ns, Cleanup: 18400 ns, At safepoint: 11800 ns, Total: 51600 ns
[2026-02-02T06:11:01.448+0000][14568][safepoint   ] Safepoint "Cleanup", Time since last: 1002558800 ns, Reaching safepoint: 21000 ns, Cleanup: 23500 ns, At safepoint: 2400 ns, Total: 46900 ns
[2026-02-02T06:12:06.632+0000][14568][safepoint   ] Safepoint "Cleanup", Time since last: 65183233100 ns, Reaching safepoint: 250100 ns, Cleanup: 20300 ns, At safepoint: 9700 ns, Total: 280100 ns
[2026-02-02T06:13:13.905+0000][14568][safepoint   ] Safepoint "Cleanup", Time since last: 67273071900 ns, Reaching safepoint: 32400 ns, Cleanup: 32400 ns, At safepoint: 5200 ns, Total: 70000 ns
[2026-02-02T06:13:49.735+0000][14568][safepoint   ] Safepoint "Cleanup", Time since last: 35829877800 ns, Reaching safepoint: 35900 ns, Cleanup: 38700 ns, At safepoint: 3100 ns, Total: 77700 ns
[2026-02-02T06:13:54.773+0000][14568][safepoint   ] Safepoint "Cleanup", Time since last: 5037997900 ns, Reaching safepoint: 22000 ns, Cleanup: 15500 ns, At safepoint: 2500 ns, Total: 40000 ns
[2026-02-02T06:15:25.044+0000][14568][safepoint   ] Safepoint "Cleanup", Time since last: 90270757300 ns, Reaching safepoint: 24800 ns, Cleanup: 21100 ns, At safepoint: 4000 ns, Total: 49900 ns
[2026-02-02T06:15:30.094+0000][14568][safepoint   ] Safepoint "Cleanup", Time since last: 5049752400 ns, Reaching safepoint: 27300 ns, Cleanup: 28800 ns, At safepoint: 2900 ns, Total: 59000 ns
[2026-02-02T06:15:56.920+0000][14568][safepoint   ] Safepoint "Cleanup", Time since last: 26826966100 ns, Reaching safepoint: 29100 ns, Cleanup: 356000 ns, At safepoint: 6600 ns, Total: 391700 ns
[2026-02-02T06:15:57.929+0000][14568][safepoint   ] Safepoint "Cleanup", Time since last: 1008489200 ns, Reaching safepoint: 15600 ns, Cleanup: 44100 ns, At safepoint: 6800 ns, Total: 66500 ns
[2026-02-02T06:15:58.945+0000][14568][safepoint   ] Safepoint "Cleanup", Time since last: 1015000000 ns, Reaching safepoint: 24600 ns, Cleanup: 87900 ns, At safepoint: 3800 ns, Total: 116300 ns
[2026-02-02T06:16:01.974+0000][14568][safepoint   ] Safepoint "Cleanup", Time since last: 3029635200 ns, Reaching safepoint: 25300 ns, Cleanup: 15600 ns, At safepoint: 2300 ns, Total: 43200 ns
[2026-02-02T06:16:02.987+0000][14568][safepoint   ] Safepoint "Cleanup", Time since last: 1012199900 ns, Reaching safepoint: 21300 ns, Cleanup: 17200 ns, At safepoint: 17700 ns, Total: 56200 ns
[2026-02-02T06:16:04.009+0000][14568][safepoint   ] Safepoint "Cleanup", Time since last: 1006108600 ns, Reaching safepoint: 15879100 ns, Cleanup: 16800 ns, At safepoint: 25300 ns, Total: 15921200 ns
[2026-02-02T06:16:12.066+0000][14568][safepoint   ] Safepoint "Cleanup", Time since last: 8057552300 ns, Reaching safepoint: 23600 ns, Cleanup: 19200 ns, At safepoint: 2600 ns, Total: 45400 ns
[2026-02-02T06:16:13.074+0000][14568][safepoint   ] Safepoint "Cleanup", Time since last: 1008018900 ns, Reaching safepoint: 40600 ns, Cleanup: 16600 ns, At safepoint: 11400 ns, Total: 68600 ns
[2026-02-02T06:16:15.089+0000][14568][safepoint   ] Safepoint "Cleanup", Time since last: 2014604000 ns, Reaching safepoint: 18500 ns, Cleanup: 13000 ns, At safepoint: 2800 ns, Total: 34300 ns
[2026-02-02T06:16:21.158+0000][14568][safepoint   ] Safepoint "Cleanup", Time since last: 6068971100 ns, Reaching safepoint: 35700 ns, Cleanup: 24600 ns, At safepoint: 4200 ns, Total: 64500 ns
[2026-02-02T06:16:32.229+0000][14568][safepoint   ] Safepoint "Cleanup", Time since last: 11070714700 ns, Reaching safepoint: 74500 ns, Cleanup: 24600 ns, At safepoint: 14000 ns, Total: 113100 ns
[2026-02-02T06:16:33.234+0000][14568][safepoint   ] Safepoint "Cleanup", Time since last: 1005516600 ns, Reaching safepoint: 21300 ns, Cleanup: 21000 ns, At safepoint: 3800 ns, Total: 46100 ns
[2026-02-02T06:16:35.248+0000][14568][safepoint   ] Safepoint "Cleanup", Time since last: 2013362100 ns, Reaching safepoint: 169200 ns, Cleanup: 21500 ns, At safepoint: 13700 ns, Total: 204400 ns
[2026-02-02T06:16:37.273+0000][14568][safepoint   ] Safepoint "Cleanup", Time since last: 2024617500 ns, Reaching safepoint: 30700 ns, Cleanup: 17100 ns, At safepoint: 2700 ns, Total: 50500 ns
[2026-02-02T06:16:42.858+0000][14568][safepoint   ] Safepoint "Cleanup", Time since last: 5585629000 ns, Reaching safepoint: 48600 ns, Cleanup: 15100 ns, At safepoint: 33000 ns, Total: 96700 ns
[2026-02-02T06:16:56.980+0000][14568][safepoint   ] Safepoint "Cleanup", Time since last: 14121533000 ns, Reaching safepoint: 17700 ns, Cleanup: 94200 ns, At safepoint: 4400 ns, Total: 116300 ns
[2026-02-02T06:17:03.046+0000][14568][safepoint   ] Safepoint "Cleanup", Time since last: 6066364300 ns, Reaching safepoint: 21600 ns, Cleanup: 16400 ns, At safepoint: 2200 ns, Total: 40200 ns
[2026-02-02T06:17:12.117+0000][14568][safepoint   ] Safepoint "Cleanup", Time since last: 9071097200 ns, Reaching safepoint: 19200 ns, Cleanup: 162500 ns, At safepoint: 4000 ns, Total: 185700 ns
[2026-02-02T06:17:19.163+0000][14568][safepoint   ] Safepoint "Cleanup", Time since last: 7045224800 ns, Reaching safepoint: 16400 ns, Cleanup: 17900 ns, At safepoint: 2000 ns, Total: 36300 ns
[2026-02-02T06:17:22.187+0000][14568][safepoint   ] Safepoint "Cleanup", Time since last: 3024275500 ns, Reaching safepoint: 43800 ns, Cleanup: 27200 ns, At safepoint: 2800 ns, Total: 73800 ns
[2026-02-02T06:17:27.232+0000][14568][safepoint   ] Safepoint "Cleanup", Time since last: 5044753000 ns, Reaching safepoint: 21200 ns, Cleanup: 14800 ns, At safepoint: 2600 ns, Total: 38600 ns
[2026-02-02T06:21:23.398+0000][14568][safepoint   ] Safepoint "Cleanup", Time since last: 236165548300 ns, Reaching safepoint: 48000 ns, Cleanup: 35600 ns, At safepoint: 60900 ns, Total: 144500 ns
[2026-02-02T06:21:28.450+0000][14568][safepoint   ] Safepoint "Cleanup", Time since last: 5052083000 ns, Reaching safepoint: 24600 ns, Cleanup: 30200 ns, At safepoint: 2400 ns, Total: 57200 ns
[2026-02-02T06:21:29.444+0000][14568][gc,start    ] GC(16) Pause Young (Prepare Mixed) (G1 Evacuation Pause)
[2026-02-02T06:21:29.448+0000][14568][gc,task     ] GC(16) Using 13 workers of 13 for evacuation
[2026-02-02T06:21:29.448+0000][14568][gc,age      ] GC(16) Desired survivor size 136314880 bytes, new threshold 15 (max threshold 15)
[2026-02-02T06:21:29.629+0000][14568][gc,phases   ] GC(16)   Pre Evacuate Collection Set: 16.0ms
[2026-02-02T06:21:29.630+0000][14568][gc,phases   ] GC(16)   Merge Heap Roots: 2.4ms
[2026-02-02T06:21:29.630+0000][14568][gc,phases   ] GC(16)   Evacuate Collection Set: 142.2ms
[2026-02-02T06:21:29.630+0000][14568][gc,phases   ] GC(16)   Post Evacuate Collection Set: 18.1ms
[2026-02-02T06:21:29.630+0000][14568][gc,phases   ] GC(16)   Other: 5.1ms
[2026-02-02T06:21:29.630+0000][14568][gc,age      ] GC(16) Age table with threshold 15 (max threshold 15)
[2026-02-02T06:21:29.630+0000][14568][gc,age      ] GC(16) - age   1:    8978872 bytes,    8978872 total
[2026-02-02T06:21:29.630+0000][14568][gc,age      ] GC(16) - age   2:    1139952 bytes,   10118824 total
[2026-02-02T06:21:29.630+0000][14568][gc,age      ] GC(16) - age   3:    4194232 bytes,   14313056 total
[2026-02-02T06:21:29.630+0000][14568][gc,age      ] GC(16) - age   4:   23438472 bytes,   37751528 total
[2026-02-02T06:21:29.630+0000][14568][gc,heap     ] GC(16) Eden regions: 503->0(1197)
[2026-02-02T06:21:29.630+0000][14568][gc,heap     ] GC(16) Survivor regions: 10->11(65)
[2026-02-02T06:21:29.630+0000][14568][gc,heap     ] GC(16) Old regions: 18->18
[2026-02-02T06:21:29.630+0000][14568][gc,heap     ] GC(16) Humongous regions: 2->2
[2026-02-02T06:21:29.630+0000][14568][gc,metaspace] GC(16) Metaspace: 116992K(120000K)->116992K(120000K) NonClass: 101157K(102784K)->101157K(102784K) Class: 15834K(17216K)->15834K(17216K)
[2026-02-02T06:21:29.631+0000][14568][gc          ] GC(16) Pause Young (Prepare Mixed) (G1 Evacuation Pause) 2128M->121M(8056M) 187.505ms
[2026-02-02T06:21:29.631+0000][14568][gc,cpu      ] GC(16) User=0.23s Sys=0.50s Real=0.19s
[2026-02-02T06:21:29.631+0000][14568][safepoint   ] Safepoint "G1CollectForAllocation", Time since last: 993303400 ns, Reaching safepoint: 20100 ns, Cleanup: 34000 ns, At safepoint: 187915600 ns, Total: 187969700 ns
[2026-02-02T06:21:30.641+0000][14568][safepoint   ] Safepoint "Cleanup", Time since last: 1009379400 ns, Reaching safepoint: 112100 ns, Cleanup: 24800 ns, At safepoint: 23300 ns, Total: 160200 ns
[2026-02-02T06:21:31.656+0000][14568][safepoint   ] Safepoint "Cleanup", Time since last: 1014770300 ns, Reaching safepoint: 22000 ns, Cleanup: 21200 ns, At safepoint: 2700 ns, Total: 45900 ns
[2026-02-02T06:21:33.659+0000][14568][safepoint   ] Safepoint "Cleanup", Time since last: 2003921300 ns, Reaching safepoint: 22100 ns, Cleanup: 37200 ns, At safepoint: 2600 ns, Total: 61900 ns
[2026-02-02T06:21:34.667+0000][14568][safepoint   ] Safepoint "Cleanup", Time since last: 1007343000 ns, Reaching safepoint: 25000 ns, Cleanup: 27000 ns, At safepoint: 3700 ns, Total: 55700 ns
[2026-02-02T06:21:36.681+0000][14568][safepoint   ] Safepoint "Cleanup", Time since last: 2013928700 ns, Reaching safepoint: 21500 ns, Cleanup: 31000 ns, At safepoint: 19100 ns, Total: 71600 ns
[2026-02-02T06:21:59.244+0000][14568][safepoint   ] Safepoint "Cleanup", Time since last: 22563705600 ns, Reaching safepoint: 34900 ns, Cleanup: 33100 ns, At safepoint: 5300 ns, Total: 73300 ns
[2026-02-02T06:24:41.241+0000][14568][safepoint   ] Safepoint "Cleanup", Time since last: 161996722300 ns, Reaching safepoint: 16600 ns, Cleanup: 15500 ns, At safepoint: 2200 ns, Total: 34300 ns
[2026-02-02T06:24:46.276+0000][14568][safepoint   ] Safepoint "Cleanup", Time since last: 5034949400 ns, Reaching safepoint: 27900 ns, Cleanup: 62200 ns, At safepoint: 4500 ns, Total: 94600 ns
[2026-02-02T06:24:48.283+0000][14568][safepoint   ] Safepoint "Cleanup", Time since last: 2006511700 ns, Reaching safepoint: 17100 ns, Cleanup: 13800 ns, At safepoint: 2100 ns, Total: 33000 ns
[2026-02-02T06:25:11.451+0000][14568][safepoint   ] Safepoint "Cleanup", Time since last: 23167965300 ns, Reaching safepoint: 31500 ns, Cleanup: 21200 ns, At safepoint: 3900 ns, Total: 56600 ns
[2026-02-02T06:25:30.607+0000][14568][safepoint   ] Safepoint "Cleanup", Time since last: 19155735100 ns, Reaching safepoint: 19600 ns, Cleanup: 24500 ns, At safepoint: 3800 ns, Total: 47900 ns
[2026-02-02T06:25:36.662+0000][14568][safepoint   ] Safepoint "Cleanup", Time since last: 6055083500 ns, Reaching safepoint: 14800 ns, Cleanup: 15600 ns, At safepoint: 3100 ns, Total: 33500 ns
[2026-02-02T06:25:38.679+0000][14568][safepoint   ] Safepoint "Cleanup", Time since last: 2017336600 ns, Reaching safepoint: 20000 ns, Cleanup: 21500 ns, At safepoint: 2700 ns, Total: 44200 ns
[2026-02-02T06:25:41.489+0000][14568][safepoint   ] Safepoint "Cleanup", Time since last: 2809937800 ns, Reaching safepoint: 27000 ns, Cleanup: 25400 ns, At safepoint: 4200 ns, Total: 56600 ns
[2026-02-02T06:25:44.513+0000][14568][safepoint   ] Safepoint "Cleanup", Time since last: 3023787500 ns, Reaching safepoint: 22500 ns, Cleanup: 25000 ns, At safepoint: 2600 ns, Total: 50100 ns
[2026-02-02T06:25:45.520+0000][14568][safepoint   ] Safepoint "Cleanup", Time since last: 1006339800 ns, Reaching safepoint: 24200 ns, Cleanup: 18900 ns, At safepoint: 3700 ns, Total: 46800 ns
[2026-02-02T06:25:47.537+0000][14568][safepoint   ] Safepoint "Cleanup", Time since last: 2017679900 ns, Reaching safepoint: 25100 ns, Cleanup: 19500 ns, At safepoint: 3400 ns, Total: 48000 ns
[2026-02-02T06:25:48.547+0000][14568][safepoint   ] Safepoint "Cleanup", Time since last: 1009778600 ns, Reaching safepoint: 32600 ns, Cleanup: 27200 ns, At safepoint: 4400 ns, Total: 64200 ns
[2026-02-02T06:26:00.645+0000][14568][safepoint   ] Safepoint "Cleanup", Time since last: 12098041100 ns, Reaching safepoint: 28000 ns, Cleanup: 22200 ns, At safepoint: 4000 ns, Total: 54200 ns
[2026-02-02T06:26:32.900+0000][14568][safepoint   ] Safepoint "Cleanup", Time since last: 32254652800 ns, Reaching safepoint: 44700 ns, Cleanup: 25800 ns, At safepoint: 5500 ns, Total: 76000 ns
[2026-02-02T06:26:40.706+0000][14568][safepoint   ] Safepoint "Cleanup", Time since last: 7805927200 ns, Reaching safepoint: 6200 ns, Cleanup: 8900 ns, At safepoint: 6200 ns, Total: 21300 ns
[2026-02-02T06:26:47.778+0000][14568][safepoint   ] Safepoint "Cleanup", Time since last: 7072552100 ns, Reaching safepoint: 19800 ns, Cleanup: 14900 ns, At safepoint: 2500 ns, Total: 37200 ns
[2026-02-02T06:26:54.837+0000][14568][safepoint   ] Safepoint "Cleanup", Time since last: 7058314200 ns, Reaching safepoint: 21600 ns, Cleanup: 23200 ns, At safepoint: 2700 ns, Total: 47500 ns
[2026-02-02T06:26:55.849+0000][14568][safepoint   ] Safepoint "Cleanup", Time since last: 1012162500 ns, Reaching safepoint: 22100 ns, Cleanup: 15800 ns, At safepoint: 2900 ns, Total: 40800 ns
[2026-02-02T06:27:39.159+0000][14568][safepoint   ] Safepoint "Cleanup", Time since last: 43310342200 ns, Reaching safepoint: 29400 ns, Cleanup: 20200 ns, At safepoint: 2500 ns, Total: 52100 ns
[2026-02-02T06:32:16.505+0000][14568][safepoint   ] Safepoint "Cleanup", Time since last: 277345386600 ns, Reaching safepoint: 26500 ns, Cleanup: 20700 ns, At safepoint: 2300 ns, Total: 49500 ns
[2026-02-02T06:34:08.718+0000][14568][safepoint   ] Safepoint "Cleanup", Time since last: 112213970000 ns, Reaching safepoint: 18800 ns, Cleanup: 15900 ns, At safepoint: 2400 ns, Total: 37100 ns
[2026-02-02T06:34:38.966+0000][14568][safepoint   ] Safepoint "Cleanup", Time since last: 30246740900 ns, Reaching safepoint: 19000 ns, Cleanup: 16200 ns, At safepoint: 2100 ns, Total: 37300 ns
[2026-02-02T06:35:08.858+0000][14568][safepoint   ] Safepoint "Cleanup", Time since last: 29892181400 ns, Reaching safepoint: 38200 ns, Cleanup: 29900 ns, At safepoint: 4900 ns, Total: 73000 ns
[2026-02-02T06:35:41.775+0000][14568][safepoint   ] Safepoint "Cleanup", Time since last: 32917609400 ns, Reaching safepoint: 7900 ns, Cleanup: 12000 ns, At safepoint: 1200 ns, Total: 21100 ns
[2026-02-02T06:38:17.309+0000][14568][safepoint   ] Safepoint "Cleanup", Time since last: 155533561900 ns, Reaching safepoint: 109000 ns, Cleanup: 18200 ns, At safepoint: 19400 ns, Total: 146600 ns
[2026-02-02T06:38:18.322+0000][14568][safepoint   ] Safepoint "Cleanup", Time since last: 1013131500 ns, Reaching safepoint: 26200 ns, Cleanup: 79200 ns, At safepoint: 6500 ns, Total: 111900 ns
[2026-02-02T06:38:19.330+0000][14568][safepoint   ] Safepoint "Cleanup", Time since last: 1007090100 ns, Reaching safepoint: 453300 ns, Cleanup: 23400 ns, At safepoint: 15600 ns, Total: 492300 ns
[2026-02-02T06:38:21.350+0000][14568][safepoint   ] Safepoint "Cleanup", Time since last: 2019789100 ns, Reaching safepoint: 21100 ns, Cleanup: 34000 ns, At safepoint: 60700 ns, Total: 115800 ns
[2026-02-02T06:38:22.350+0000][14568][safepoint   ] Safepoint "Cleanup", Time since last: 1000411300 ns, Reaching safepoint: 301400 ns, Cleanup: 20100 ns, At safepoint: 26100 ns, Total: 347600 ns
[2026-02-02T06:38:23.356+0000][14568][safepoint   ] Safepoint "Cleanup", Time since last: 1005707800 ns, Reaching safepoint: 20700 ns, Cleanup: 17500 ns, At safepoint: 2800 ns, Total: 41000 ns
[2026-02-02T06:38:59.231+0000][14568][safepoint   ] Safepoint "Cleanup", Time since last: 35874138500 ns, Reaching safepoint: 460200 ns, Cleanup: 21700 ns, At safepoint: 12200 ns, Total: 494100 ns
[2026-02-02T06:39:00.488+0000][14568][safepoint   ] Safepoint "Cleanup", Time since last: 1256465100 ns, Reaching safepoint: 45400 ns, Cleanup: 42400 ns, At safepoint: 3100 ns, Total: 90900 ns
[2026-02-02T06:39:10.563+0000][14568][safepoint   ] Safepoint "Cleanup", Time since last: 10075294700 ns, Reaching safepoint: 26600 ns, Cleanup: 62500 ns, At safepoint: 6200 ns, Total: 95300 ns
[2026-02-02T06:39:13.584+0000][14568][safepoint   ] Safepoint "Cleanup", Time since last: 3020637500 ns, Reaching safepoint: 23300 ns, Cleanup: 34100 ns, At safepoint: 3300 ns, Total: 60700 ns
[2026-02-02T06:39:20.638+0000][14568][safepoint   ] Safepoint "Cleanup", Time since last: 7054642300 ns, Reaching safepoint: 24300 ns, Cleanup: 38000 ns, At safepoint: 2600 ns, Total: 64900 ns
[2026-02-02T06:39:21.645+0000][14568][safepoint   ] Safepoint "Cleanup", Time since last: 1006777500 ns, Reaching safepoint: 23000 ns, Cleanup: 19200 ns, At safepoint: 2400 ns, Total: 44600 ns
[2026-02-02T06:39:25.681+0000][14568][safepoint   ] Safepoint "Cleanup", Time since last: 4035569900 ns, Reaching safepoint: 21200 ns, Cleanup: 16400 ns, At safepoint: 2300 ns, Total: 39900 ns
[2026-02-02T06:43:08.985+0000][14568][safepoint   ] Safepoint "Cleanup", Time since last: 223304549900 ns, Reaching safepoint: 19900 ns, Cleanup: 14000 ns, At safepoint: 2500 ns, Total: 36400 ns
[2026-02-02T06:43:23.082+0000][14568][safepoint   ] Safepoint "Cleanup", Time since last: 14096569700 ns, Reaching safepoint: 21700 ns, Cleanup: 109800 ns, At safepoint: 2800 ns, Total: 134300 ns
[2026-02-02T06:43:28.112+0000][14568][safepoint   ] Safepoint "Cleanup", Time since last: 5029786900 ns, Reaching safepoint: 20200 ns, Cleanup: 19000 ns, At safepoint: 2300 ns, Total: 41500 ns
[2026-02-02T06:43:35.153+0000][14568][safepoint   ] Safepoint "Cleanup", Time since last: 7040786300 ns, Reaching safepoint: 17000 ns, Cleanup: 17900 ns, At safepoint: 1900 ns, Total: 36800 ns
[2026-02-02T06:45:14.304+0000][14568][safepoint   ] Safepoint "Cleanup", Time since last: 99151896100 ns, Reaching safepoint: 54200 ns, Cleanup: 34300 ns, At safepoint: 6600 ns, Total: 95100 ns
[2026-02-02T06:45:20.336+0000][14568][safepoint   ] Safepoint "Cleanup", Time since last: 6031934500 ns, Reaching safepoint: 268800 ns, Cleanup: 27000 ns, At safepoint: 112600 ns, Total: 408400 ns
[2026-02-02T06:45:21.340+0000][14568][safepoint   ] Safepoint "Cleanup", Time since last: 1002721400 ns, Reaching safepoint: 118300 ns, Cleanup: 22100 ns, At safepoint: 21500 ns, Total: 161900 ns
[2026-02-02T06:45:23.353+0000][14568][safepoint   ] Safepoint "Cleanup", Time since last: 2013423500 ns, Reaching safepoint: 17100 ns, Cleanup: 12100 ns, At safepoint: 2400 ns, Total: 31600 ns
[2026-02-02T06:45:24.354+0000][14568][safepoint   ] Safepoint "Cleanup", Time since last: 1000915100 ns, Reaching safepoint: 21700 ns, Cleanup: 20100 ns, At safepoint: 2700 ns, Total: 44500 ns
[2026-02-02T06:45:25.366+0000][14568][safepoint   ] Safepoint "Cleanup", Time since last: 1012238800 ns, Reaching safepoint: 61900 ns, Cleanup: 65700 ns, At safepoint: 4300 ns, Total: 131900 ns
[2026-02-02T06:45:26.374+0000][14568][safepoint   ] Safepoint "Cleanup", Time since last: 1007290000 ns, Reaching safepoint: 22300 ns, Cleanup: 20500 ns, At safepoint: 2800 ns, Total: 45600 ns
[2026-02-02T06:45:35.436+0000][14568][safepoint   ] Safepoint "Cleanup", Time since last: 9062288900 ns, Reaching safepoint: 28800 ns, Cleanup: 25000 ns, At safepoint: 4500 ns, Total: 58300 ns
[2026-02-02T06:45:39.470+0000][14568][safepoint   ] Safepoint "Cleanup", Time since last: 4034256500 ns, Reaching safepoint: 34700 ns, Cleanup: 28500 ns, At safepoint: 5500 ns, Total: 68700 ns
[2026-02-02T06:46:09.357+0000][14568][safepoint   ] Safepoint "Cleanup", Time since last: 29886326700 ns, Reaching safepoint: 24700 ns, Cleanup: 23500 ns, At safepoint: 3900 ns, Total: 52100 ns
[2026-02-02T06:47:19.297+0000][14568][safepoint   ] Safepoint "Cleanup", Time since last: 69940041000 ns, Reaching safepoint: 6600 ns, Cleanup: 9100 ns, At safepoint: 17200 ns, Total: 32900 ns
[2026-02-02T06:47:20.300+0000][14568][safepoint   ] Safepoint "Cleanup", Time since last: 1002332400 ns, Reaching safepoint: 20900 ns, Cleanup: 25000 ns, At safepoint: 26800 ns, Total: 72700 ns
[2026-02-02T06:52:09.086+0000][14568][safepoint   ] Safepoint "Cleanup", Time since last: 288786876700 ns, Reaching safepoint: 19700 ns, Cleanup: 17500 ns, At safepoint: 2600 ns, Total: 39800 ns
[2026-02-02T06:54:39.765+0000][14568][safepoint   ] Safepoint "Cleanup", Time since last: 150678108800 ns, Reaching safepoint: 21000 ns, Cleanup: 17500 ns, At safepoint: 2600 ns, Total: 41100 ns
[2026-02-02T06:54:51.617+0000][14568][safepoint   ] Safepoint "Cleanup", Time since last: 11851801600 ns, Reaching safepoint: 39100 ns, Cleanup: 28200 ns, At safepoint: 4700 ns, Total: 72000 ns
[2026-02-02T06:54:59.685+0000][14568][safepoint   ] Safepoint "Cleanup", Time since last: 8068529800 ns, Reaching safepoint: 80400 ns, Cleanup: 9400 ns, At safepoint: 33800 ns, Total: 123600 ns
[2026-02-02T06:55:00.698+0000][14568][safepoint   ] Safepoint "Cleanup", Time since last: 1012778600 ns, Reaching safepoint: 24700 ns, Cleanup: 45300 ns, At safepoint: 4300 ns, Total: 74300 ns
[2026-02-02T06:55:02.707+0000][14568][safepoint   ] Safepoint "Cleanup", Time since last: 2009283800 ns, Reaching safepoint: 18400 ns, Cleanup: 15000 ns, At safepoint: 2000 ns, Total: 35400 ns
[2026-02-02T06:55:05.733+0000][14568][safepoint   ] Safepoint "Cleanup", Time since last: 3025341900 ns, Reaching safepoint: 25700 ns, Cleanup: 32000 ns, At safepoint: 3800 ns, Total: 61500 ns
[2026-02-02T06:55:13.816+0000][14568][safepoint   ] Safepoint "Cleanup", Time since last: 8083005100 ns, Reaching safepoint: 30300 ns, Cleanup: 29000 ns, At safepoint: 4100 ns, Total: 63400 ns
[2026-02-02T06:55:14.828+0000][14568][safepoint   ] Safepoint "Cleanup", Time since last: 1013550400 ns, Reaching safepoint: 22500 ns, Cleanup: 17400 ns, At safepoint: 2100 ns, Total: 42000 ns
[2026-02-02T06:55:17.853+0000][14568][safepoint   ] Safepoint "Cleanup", Time since last: 3023039100 ns, Reaching safepoint: 26300 ns, Cleanup: 21500 ns, At safepoint: 4300 ns, Total: 52100 ns
[2026-02-02T06:55:18.856+0000][14568][safepoint   ] Safepoint "Cleanup", Time since last: 1003620900 ns, Reaching safepoint: 30700 ns, Cleanup: 22600 ns, At safepoint: 4000 ns, Total: 57300 ns
[2026-02-02T06:55:27.940+0000][14568][safepoint   ] Safepoint "Cleanup", Time since last: 9083371000 ns, Reaching safepoint: 16500 ns, Cleanup: 23300 ns, At safepoint: 2300 ns, Total: 42100 ns
[2026-02-02T06:55:28.950+0000][14568][safepoint   ] Safepoint "Cleanup", Time since last: 1010837000 ns, Reaching safepoint: 19800 ns, Cleanup: 25100 ns, At safepoint: 3600 ns, Total: 48500 ns
[2026-02-02T06:55:32.983+0000][14568][safepoint   ] Safepoint "Cleanup", Time since last: 4032586900 ns, Reaching safepoint: 19700 ns, Cleanup: 24600 ns, At safepoint: 3300 ns, Total: 47600 ns
[2026-02-02T06:55:39.022+0000][14568][safepoint   ] Safepoint "Cleanup", Time since last: 6038600100 ns, Reaching safepoint: 26700 ns, Cleanup: 31800 ns, At safepoint: 5100 ns, Total: 63600 ns
[2026-02-02T06:55:42.029+0000][14568][safepoint   ] Safepoint "Cleanup", Time since last: 3006854800 ns, Reaching safepoint: 16000 ns, Cleanup: 19700 ns, At safepoint: 2500 ns, Total: 38200 ns
[2026-02-02T06:55:47.800+0000][14568][safepoint   ] Safepoint "Cleanup", Time since last: 5770787800 ns, Reaching safepoint: 28400 ns, Cleanup: 25000 ns, At safepoint: 4400 ns, Total: 57800 ns
[2026-02-02T06:55:49.810+0000][14568][safepoint   ] Safepoint "Cleanup", Time since last: 2010884700 ns, Reaching safepoint: 19300 ns, Cleanup: 14800 ns, At safepoint: 2300 ns, Total: 36400 ns
[2026-02-02T06:55:50.819+0000][14568][safepoint   ] Safepoint "Cleanup", Time since last: 1008985900 ns, Reaching safepoint: 27700 ns, Cleanup: 22900 ns, At safepoint: 4300 ns, Total: 54900 ns
[2026-02-02T06:55:51.825+0000][14568][safepoint   ] Safepoint "Cleanup", Time since last: 1005339000 ns, Reaching safepoint: 36400 ns, Cleanup: 28600 ns, At safepoint: 5300 ns, Total: 70300 ns
[2026-02-02T06:55:54.849+0000][14568][safepoint   ] Safepoint "Cleanup", Time since last: 3024206200 ns, Reaching safepoint: 17800 ns, Cleanup: 18800 ns, At safepoint: 2100 ns, Total: 38700 ns
[2026-02-02T06:55:59.891+0000][14568][safepoint   ] Safepoint "Cleanup", Time since last: 5041565700 ns, Reaching safepoint: 18400 ns, Cleanup: 16400 ns, At safepoint: 2500 ns, Total: 37300 ns
[2026-02-02T06:56:01.292+0000][14568][safepoint   ] Safepoint "Cleanup", Time since last: 1401480200 ns, Reaching safepoint: 26400 ns, Cleanup: 133400 ns, At safepoint: 3200 ns, Total: 163000 ns
[2026-02-02T06:56:03.309+0000][14568][safepoint   ] Safepoint "Cleanup", Time since last: 2017105600 ns, Reaching safepoint: 18700 ns, Cleanup: 14800 ns, At safepoint: 2900 ns, Total: 36400 ns
[2026-02-02T06:56:06.319+0000][14568][safepoint   ] Safepoint "Cleanup", Time since last: 3009656100 ns, Reaching safepoint: 17300 ns, Cleanup: 14500 ns, At safepoint: 2800 ns, Total: 34600 ns
[2026-02-02T06:56:07.328+0000][14568][safepoint   ] Safepoint "Cleanup", Time since last: 1008730900 ns, Reaching safepoint: 39400 ns, Cleanup: 40300 ns, At safepoint: 6200 ns, Total: 85900 ns
[2026-02-02T06:56:08.337+0000][14568][safepoint   ] Safepoint "Cleanup", Time since last: 1008412500 ns, Reaching safepoint: 17200 ns, Cleanup: 117300 ns, At safepoint: 8000 ns, Total: 142500 ns
[2026-02-02T06:56:09.346+0000][14568][safepoint   ] Safepoint "Cleanup", Time since last: 1009062500 ns, Reaching safepoint: 31500 ns, Cleanup: 32700 ns, At safepoint: 6700 ns, Total: 70900 ns
[2026-02-02T06:56:10.355+0000][14568][safepoint   ] Safepoint "Cleanup", Time since last: 1009213600 ns, Reaching safepoint: 18000 ns, Cleanup: 16900 ns, At safepoint: 2600 ns, Total: 37500 ns
[2026-02-02T06:56:16.408+0000][14568][safepoint   ] Safepoint "Cleanup", Time since last: 6053080200 ns, Reaching safepoint: 29200 ns, Cleanup: 51300 ns, At safepoint: 4300 ns, Total: 84800 ns
[2026-02-02T06:56:21.453+0000][14568][safepoint   ] Safepoint "Cleanup", Time since last: 5045119800 ns, Reaching safepoint: 26700 ns, Cleanup: 37500 ns, At safepoint: 3900 ns, Total: 68100 ns
[2026-02-02T06:56:25.482+0000][14568][safepoint   ] Safepoint "Cleanup", Time since last: 4028333100 ns, Reaching safepoint: 23000 ns, Cleanup: 17400 ns, At safepoint: 3700 ns, Total: 44100 ns
[2026-02-02T06:56:30.521+0000][14568][safepoint   ] Safepoint "Cleanup", Time since last: 5038734600 ns, Reaching safepoint: 27500 ns, Cleanup: 30000 ns, At safepoint: 3600 ns, Total: 61100 ns
[2026-02-02T06:56:31.531+0000][14568][safepoint   ] Safepoint "Cleanup", Time since last: 1009946200 ns, Reaching safepoint: 22000 ns, Cleanup: 27600 ns, At safepoint: 3600 ns, Total: 53200 ns
[2026-02-02T06:56:34.560+0000][14568][safepoint   ] Safepoint "Cleanup", Time since last: 3029276700 ns, Reaching safepoint: 26100 ns, Cleanup: 17600 ns, At safepoint: 2300 ns, Total: 46000 ns
[2026-02-02T06:58:03.139+0000][14568][safepoint   ] Safepoint "Cleanup", Time since last: 88579216400 ns, Reaching safepoint: 19500 ns, Cleanup: 21700 ns, At safepoint: 3300 ns, Total: 44500 ns
[2026-02-02T06:58:10.202+0000][14568][safepoint   ] Safepoint "Cleanup", Time since last: 7062539100 ns, Reaching safepoint: 27800 ns, Cleanup: 16600 ns, At safepoint: 2600 ns, Total: 47000 ns
[2026-02-02T06:58:21.262+0000][14568][safepoint   ] Safepoint "Cleanup", Time since last: 11059894000 ns, Reaching safepoint: 18100 ns, Cleanup: 14400 ns, At safepoint: 2600 ns, Total: 35100 ns
[2026-02-02T06:58:30.356+0000][14568][safepoint   ] Safepoint "Cleanup", Time since last: 9094516900 ns, Reaching safepoint: 22300 ns, Cleanup: 18500 ns, At safepoint: 2900 ns, Total: 43700 ns
[2026-02-02T06:58:33.380+0000][14568][safepoint   ] Safepoint "Cleanup", Time since last: 3023930100 ns, Reaching safepoint: 20800 ns, Cleanup: 28800 ns, At safepoint: 4700 ns, Total: 54300 ns
[2026-02-02T06:58:34.384+0000][14568][safepoint   ] Safepoint "Cleanup", Time since last: 1003540300 ns, Reaching safepoint: 17300 ns, Cleanup: 19200 ns, At safepoint: 2500 ns, Total: 39000 ns
[2026-02-02T06:58:36.387+0000][14568][safepoint   ] Safepoint "Cleanup", Time since last: 2002977100 ns, Reaching safepoint: 14500 ns, Cleanup: 16400 ns, At safepoint: 2800 ns, Total: 33700 ns
[2026-02-02T06:58:39.419+0000][14568][safepoint   ] Safepoint "Cleanup", Time since last: 3032015600 ns, Reaching safepoint: 34100 ns, Cleanup: 150200 ns, At safepoint: 7200 ns, Total: 191500 ns
[2026-02-02T06:59:02.413+0000][14568][safepoint   ] Safepoint "Cleanup", Time since last: 22993747500 ns, Reaching safepoint: 16500 ns, Cleanup: 30900 ns, At safepoint: 3100 ns, Total: 50500 ns
[2026-02-02T06:59:53.495+0000][14568][safepoint   ] Safepoint "Cleanup", Time since last: 51082374100 ns, Reaching safepoint: 28700 ns, Cleanup: 22100 ns, At safepoint: 2800 ns, Total: 53600 ns
[2026-02-02T06:59:54.509+0000][14568][safepoint   ] Safepoint "Cleanup", Time since last: 1014034900 ns, Reaching safepoint: 19800 ns, Cleanup: 13600 ns, At safepoint: 29300 ns, Total: 62700 ns
[2026-02-02T06:59:56.522+0000][14568][safepoint   ] Safepoint "Cleanup", Time since last: 2012410200 ns, Reaching safepoint: 24700 ns, Cleanup: 14800 ns, At safepoint: 3200 ns, Total: 42700 ns
[2026-02-02T06:59:57.535+0000][14568][safepoint   ] Safepoint "Cleanup", Time since last: 1012701000 ns, Reaching safepoint: 17600 ns, Cleanup: 11800 ns, At safepoint: 17000 ns, Total: 46400 ns
[2026-02-02T06:59:58.541+0000][14568][safepoint   ] Safepoint "Cleanup", Time since last: 1006790900 ns, Reaching safepoint: 21900 ns, Cleanup: 24100 ns, At safepoint: 2500 ns, Total: 48500 ns
[2026-02-02T07:00:04.578+0000][14568][safepoint   ] Safepoint "Cleanup", Time since last: 6037121100 ns, Reaching safepoint: 28400 ns, Cleanup: 22100 ns, At safepoint: 4300 ns, Total: 54800 ns
[2026-02-02T07:00:05.587+0000][14568][safepoint   ] Safepoint "Cleanup", Time since last: 1008188600 ns, Reaching safepoint: 33000 ns, Cleanup: 53300 ns, At safepoint: 5900 ns, Total: 92200 ns
[2026-02-02T07:00:06.596+0000][14568][safepoint   ] Safepoint "Cleanup", Time since last: 1008613300 ns, Reaching safepoint: 23500 ns, Cleanup: 20100 ns, At safepoint: 3200 ns, Total: 46800 ns
[2026-02-02T07:00:13.629+0000][14568][safepoint   ] Safepoint "Cleanup", Time since last: 7033294400 ns, Reaching safepoint: 28900 ns, Cleanup: 23700 ns, At safepoint: 5200 ns, Total: 57800 ns
[2026-02-02T07:00:14.643+0000][14568][safepoint   ] Safepoint "Cleanup", Time since last: 1014372500 ns, Reaching safepoint: 25700 ns, Cleanup: 25400 ns, At safepoint: 3400 ns, Total: 54500 ns
[2026-02-02T07:01:07.742+0000][14568][safepoint   ] Safepoint "Cleanup", Time since last: 53098787800 ns, Reaching safepoint: 25000 ns, Cleanup: 18100 ns, At safepoint: 2300 ns, Total: 45400 ns
[2026-02-02T07:02:48.852+0000][14568][safepoint   ] Safepoint "Cleanup", Time since last: 101109823300 ns, Reaching safepoint: 20500 ns, Cleanup: 15400 ns, At safepoint: 2300 ns, Total: 38200 ns
[2026-02-02T07:02:49.859+0000][14568][safepoint   ] Safepoint "Cleanup", Time since last: 1007417100 ns, Reaching safepoint: 32800 ns, Cleanup: 28100 ns, At safepoint: 6200 ns, Total: 67100 ns
[2026-02-02T07:02:52.890+0000][14568][safepoint   ] Safepoint "Cleanup", Time since last: 3030651900 ns, Reaching safepoint: 22300 ns, Cleanup: 18900 ns, At safepoint: 2700 ns, Total: 43900 ns
[2026-02-02T07:02:59.953+0000][14568][safepoint   ] Safepoint "Cleanup", Time since last: 7063159900 ns, Reaching safepoint: 43300 ns, Cleanup: 28600 ns, At safepoint: 21300 ns, Total: 93200 ns
[2026-02-02T07:03:00.955+0000][14568][safepoint   ] Safepoint "Cleanup", Time since last: 1001949200 ns, Reaching safepoint: 29300 ns, Cleanup: 26800 ns, At safepoint: 4200 ns, Total: 60300 ns
[2026-02-02T07:03:01.964+0000][14568][safepoint   ] Safepoint "Cleanup", Time since last: 1008825600 ns, Reaching safepoint: 13200 ns, Cleanup: 12100 ns, At safepoint: 3100 ns, Total: 28400 ns
[2026-02-02T07:03:26.184+0000][14568][safepoint   ] Safepoint "Cleanup", Time since last: 24219675100 ns, Reaching safepoint: 37800 ns, Cleanup: 21900 ns, At safepoint: 3000 ns, Total: 62700 ns
[2026-02-02T07:05:04.248+0000][14568][safepoint   ] Safepoint "Cleanup", Time since last: 98063503400 ns, Reaching safepoint: 21900 ns, Cleanup: 18800 ns, At safepoint: 3100 ns, Total: 43800 ns
[2026-02-02T07:05:25.414+0000][14568][safepoint   ] Safepoint "Cleanup", Time since last: 21166128100 ns, Reaching safepoint: 71000 ns, Cleanup: 18100 ns, At safepoint: 21100 ns, Total: 110200 ns
[2026-02-02T07:05:27.439+0000][14568][safepoint   ] Safepoint "Cleanup", Time since last: 2024676900 ns, Reaching safepoint: 17900 ns, Cleanup: 19600 ns, At safepoint: 2600 ns, Total: 40100 ns
[2026-02-02T07:05:28.445+0000][14568][safepoint   ] Safepoint "Cleanup", Time since last: 1006263500 ns, Reaching safepoint: 28800 ns, Cleanup: 36300 ns, At safepoint: 4900 ns, Total: 70000 ns
[2026-02-02T07:05:36.509+0000][14568][safepoint   ] Safepoint "Cleanup", Time since last: 8063716000 ns, Reaching safepoint: 30800 ns, Cleanup: 25000 ns, At safepoint: 4600 ns, Total: 60400 ns
[2026-02-02T07:05:39.526+0000][14568][safepoint   ] Safepoint "Cleanup", Time since last: 3016910800 ns, Reaching safepoint: 32100 ns, Cleanup: 15900 ns, At safepoint: 3100 ns, Total: 51100 ns
[2026-02-02T07:05:44.564+0000][14568][safepoint   ] Safepoint "Cleanup", Time since last: 5038488200 ns, Reaching safepoint: 25700 ns, Cleanup: 25200 ns, At safepoint: 4200 ns, Total: 55100 ns
[2026-02-02T07:09:22.796+0000][14568][safepoint   ] Safepoint "Cleanup", Time since last: 218231958600 ns, Reaching safepoint: 27500 ns, Cleanup: 14400 ns, At safepoint: 2400 ns, Total: 44300 ns
[2026-02-02T07:13:35.407+0000][14568][safepoint   ] Safepoint "Cleanup", Time since last: 252611872200 ns, Reaching safepoint: 22300 ns, Cleanup: 17300 ns, At safepoint: 2700 ns, Total: 42300 ns
[2026-02-02T07:27:10.093+0000][14568][safepoint   ] Safepoint "Cleanup", Time since last: 814685167700 ns, Reaching safepoint: 21500 ns, Cleanup: 22200 ns, At safepoint: 3100 ns, Total: 46800 ns
[2026-02-02T07:28:10.164+0000][14568][safepoint   ] Safepoint "Cleanup", Time since last: 60070483300 ns, Reaching safepoint: 14400 ns, Cleanup: 17800 ns, At safepoint: 2200 ns, Total: 34400 ns
[2026-02-02T07:30:09.664+0000][14568][safepoint   ] Safepoint "Cleanup", Time since last: 119500539400 ns, Reaching safepoint: 20300 ns, Cleanup: 19300 ns, At safepoint: 2600 ns, Total: 42200 ns
[2026-02-02T07:31:21.490+0000][14568][safepoint   ] Safepoint "Cleanup", Time since last: 71825559200 ns, Reaching safepoint: 20200 ns, Cleanup: 14400 ns, At safepoint: 2300 ns, Total: 36900 ns
[2026-02-02T07:31:40.643+0000][14568][safepoint   ] Safepoint "Cleanup", Time since last: 19152747100 ns, Reaching safepoint: 44100 ns, Cleanup: 44100 ns, At safepoint: 6800 ns, Total: 95000 ns
[2026-02-02T07:32:21.594+0000][14568][safepoint   ] Safepoint "Cleanup", Time since last: 40951487100 ns, Reaching safepoint: 26000 ns, Cleanup: 22400 ns, At safepoint: 3900 ns, Total: 52300 ns
[2026-02-02T07:33:21.689+0000][14568][safepoint   ] Safepoint "Cleanup", Time since last: 60094344700 ns, Reaching safepoint: 21800 ns, Cleanup: 14000 ns, At safepoint: 2800 ns, Total: 38600 ns
[2026-02-02T07:33:22.696+0000][14568][safepoint   ] Safepoint "Cleanup", Time since last: 1007366700 ns, Reaching safepoint: 30500 ns, Cleanup: 14600 ns, At safepoint: 2300 ns, Total: 47400 ns
[2026-02-02T07:33:35.766+0000][14568][safepoint   ] Safepoint "Cleanup", Time since last: 13069741100 ns, Reaching safepoint: 36900 ns, Cleanup: 18300 ns, At safepoint: 2600 ns, Total: 57800 ns
[2026-02-02T07:33:51.476+0000][14568][safepoint   ] Safepoint "Cleanup", Time since last: 15710454300 ns, Reaching safepoint: 21700 ns, Cleanup: 15700 ns, At safepoint: 2600 ns, Total: 40000 ns
[2026-02-02T07:33:55.508+0000][14568][safepoint   ] Safepoint "Cleanup", Time since last: 4031981700 ns, Reaching safepoint: 22300 ns, Cleanup: 15900 ns, At safepoint: 2300 ns, Total: 40500 ns
[2026-02-02T07:34:00.552+0000][14568][safepoint   ] Safepoint "Cleanup", Time since last: 5042836600 ns, Reaching safepoint: 1642900 ns, Cleanup: 40600 ns, At safepoint: 60300 ns, Total: 1743800 ns
[2026-02-02T07:34:02.556+0000][14568][safepoint   ] Safepoint "Cleanup", Time since last: 2003116600 ns, Reaching safepoint: 26500 ns, Cleanup: 137300 ns, At safepoint: 66800 ns, Total: 230600 ns
[2026-02-02T07:34:03.565+0000][14568][safepoint   ] Safepoint "Cleanup", Time since last: 1008884100 ns, Reaching safepoint: 22800 ns, Cleanup: 32400 ns, At safepoint: 3300 ns, Total: 58500 ns
[2026-02-02T07:34:04.580+0000][14568][safepoint   ] Safepoint "Cleanup", Time since last: 1014670100 ns, Reaching safepoint: 448000 ns, Cleanup: 11000 ns, At safepoint: 23100 ns, Total: 482100 ns
[2026-02-02T07:34:05.582+0000][14568][safepoint   ] Safepoint "Cleanup", Time since last: 1001716300 ns, Reaching safepoint: 22100 ns, Cleanup: 49200 ns, At safepoint: 2900 ns, Total: 74200 ns
[2026-02-02T07:34:06.594+0000][14568][safepoint   ] Safepoint "Cleanup", Time since last: 1012137600 ns, Reaching safepoint: 24400 ns, Cleanup: 37300 ns, At safepoint: 2700 ns, Total: 64400 ns
[2026-02-02T07:34:07.599+0000][14568][safepoint   ] Safepoint "Cleanup", Time since last: 1004222400 ns, Reaching safepoint: 22100 ns, Cleanup: 45600 ns, At safepoint: 99400 ns, Total: 167100 ns
[2026-02-02T07:34:10.619+0000][14568][safepoint   ] Safepoint "Cleanup", Time since last: 3019758200 ns, Reaching safepoint: 31600 ns, Cleanup: 14600 ns, At safepoint: 2800 ns, Total: 49000 ns
[2026-02-02T07:35:09.766+0000][14568][safepoint   ] Safepoint "Cleanup", Time since last: 59147934100 ns, Reaching safepoint: 22300 ns, Cleanup: 26300 ns, At safepoint: 4100 ns, Total: 52700 ns
[2026-02-02T07:35:37.017+0000][14568][safepoint   ] Safepoint "Cleanup", Time since last: 27235643800 ns, Reaching safepoint: 15422400 ns, Cleanup: 30800 ns, At safepoint: 396800 ns, Total: 15850000 ns
[2026-02-02T07:43:03.782+0000][14568][safepoint   ] Safepoint "Cleanup", Time since last: 446764031300 ns, Reaching safepoint: 20300 ns, Cleanup: 18800 ns, At safepoint: 2500 ns, Total: 41600 ns
[2026-02-02T07:43:35.082+0000][14568][safepoint   ] Safepoint "Cleanup", Time since last: 31299222900 ns, Reaching safepoint: 32400 ns, Cleanup: 28900 ns, At safepoint: 47800 ns, Total: 109100 ns
[2026-02-02T07:43:43.170+0000][14568][safepoint   ] Safepoint "Cleanup", Time since last: 8088092700 ns, Reaching safepoint: 72000 ns, Cleanup: 11200 ns, At safepoint: 62200 ns, Total: 145400 ns
[2026-02-02T07:43:49.226+0000][14568][safepoint   ] Safepoint "Cleanup", Time since last: 6056214500 ns, Reaching safepoint: 65700 ns, Cleanup: 11200 ns, At safepoint: 29700 ns, Total: 106600 ns
[2026-02-02T07:43:50.238+0000][14568][safepoint   ] Safepoint "Cleanup", Time since last: 1011723700 ns, Reaching safepoint: 24200 ns, Cleanup: 107300 ns, At safepoint: 13300 ns, Total: 144800 ns
[2026-02-02T07:43:51.897+0000][14568][safepoint   ] Safepoint "Cleanup", Time since last: 1658836200 ns, Reaching safepoint: 20600 ns, Cleanup: 54900 ns, At safepoint: 2700 ns, Total: 78200 ns
[2026-02-02T07:43:52.907+0000][14568][safepoint   ] Safepoint "Cleanup", Time since last: 1010308000 ns, Reaching safepoint: 35400 ns, Cleanup: 24200 ns, At safepoint: 70300 ns, Total: 129900 ns
[2026-02-02T07:43:53.908+0000][14568][safepoint   ] Safepoint "Cleanup", Time since last: 1000838600 ns, Reaching safepoint: 53700 ns, Cleanup: 14500 ns, At safepoint: 5400 ns, Total: 73600 ns
[2026-02-02T07:44:09.041+0000][14568][safepoint   ] Safepoint "Cleanup", Time since last: 15132362800 ns, Reaching safepoint: 36600 ns, Cleanup: 23100 ns, At safepoint: 131900 ns, Total: 191600 ns
[2026-02-02T07:44:10.045+0000][14568][safepoint   ] Safepoint "Cleanup", Time since last: 1004555100 ns, Reaching safepoint: 31400 ns, Cleanup: 27800 ns, At safepoint: 4700 ns, Total: 63900 ns
[2026-02-02T07:48:54.583+0000][14568][safepoint   ] Safepoint "Cleanup", Time since last: 284538051600 ns, Reaching safepoint: 14500 ns, Cleanup: 34200 ns, At safepoint: 2100 ns, Total: 50800 ns
[2026-02-02T07:55:19.788+0000][14568][safepoint   ] Safepoint "Cleanup", Time since last: 385204005600 ns, Reaching safepoint: 40000 ns, Cleanup: 29300 ns, At safepoint: 6700 ns, Total: 76000 ns
[2026-02-02T07:55:20.796+0000][14568][safepoint   ] Safepoint "Cleanup", Time since last: 1008923800 ns, Reaching safepoint: 25100 ns, Cleanup: 19700 ns, At safepoint: 3800 ns, Total: 48600 ns
[2026-02-02T07:59:41.141+0000][14568][safepoint   ] Safepoint "Cleanup", Time since last: 260345172600 ns, Reaching safepoint: 34200 ns, Cleanup: 39700 ns, At safepoint: 5300 ns, Total: 79200 ns
[2026-02-02T08:00:34.185+0000][14568][safepoint   ] Safepoint "Cleanup", Time since last: 53043289200 ns, Reaching safepoint: 24300 ns, Cleanup: 94500 ns, At safepoint: 4800 ns, Total: 123600 ns
[2026-02-02T08:02:11.226+0000][14568][safepoint   ] Safepoint "Cleanup", Time since last: 97041299600 ns, Reaching safepoint: 13300 ns, Cleanup: 15000 ns, At safepoint: 2000 ns, Total: 30300 ns
[2026-02-02T08:02:30.377+0000][14568][safepoint   ] Safepoint "Cleanup", Time since last: 19150586700 ns, Reaching safepoint: 119600 ns, Cleanup: 13800 ns, At safepoint: 53100 ns, Total: 186500 ns
[2026-02-02T08:02:31.387+0000][14568][safepoint   ] Safepoint "Cleanup", Time since last: 1010089400 ns, Reaching safepoint: 19700 ns, Cleanup: 26500 ns, At safepoint: 3100 ns, Total: 49300 ns
[2026-02-02T08:02:34.409+0000][14568][safepoint   ] Safepoint "Cleanup", Time since last: 3021765700 ns, Reaching safepoint: 21000 ns, Cleanup: 19600 ns, At safepoint: 2800 ns, Total: 43400 ns
[2026-02-02T08:02:58.610+0000][14568][safepoint   ] Safepoint "Cleanup", Time since last: 24200487800 ns, Reaching safepoint: 19400 ns, Cleanup: 25600 ns, At safepoint: 2300 ns, Total: 47300 ns
[2026-02-02T08:03:02.630+0000][14568][safepoint   ] Safepoint "Cleanup", Time since last: 4020149400 ns, Reaching safepoint: 16200 ns, Cleanup: 17700 ns, At safepoint: 2400 ns, Total: 36300 ns
[2026-02-02T08:03:40.903+0000][14568][safepoint   ] Safepoint "Cleanup", Time since last: 38273204900 ns, Reaching safepoint: 14400 ns, Cleanup: 42700 ns, At safepoint: 9300 ns, Total: 66400 ns
[2026-02-02T08:03:49.973+0000][14568][safepoint   ] Safepoint "Cleanup", Time since last: 9070124300 ns, Reaching safepoint: 18800 ns, Cleanup: 16300 ns, At safepoint: 2300 ns, Total: 37400 ns
[2026-02-02T08:06:40.504+0000][14568][safepoint   ] Safepoint "Cleanup", Time since last: 170530299100 ns, Reaching safepoint: 48200 ns, Cleanup: 22000 ns, At safepoint: 20400 ns, Total: 90600 ns
[2026-02-02T08:07:10.922+0000][14568][safepoint   ] Safepoint "Cleanup", Time since last: 30417748900 ns, Reaching safepoint: 20100 ns, Cleanup: 15900 ns, At safepoint: 2300 ns, Total: 38300 ns
[2026-02-02T08:08:11.151+0000][14568][safepoint   ] Safepoint "Cleanup", Time since last: 60228863000 ns, Reaching safepoint: 16700 ns, Cleanup: 12000 ns, At safepoint: 2300 ns, Total: 31000 ns
[2026-02-02T08:08:47.418+0000][14568][safepoint   ] Safepoint "Cleanup", Time since last: 36267407700 ns, Reaching safepoint: 33000 ns, Cleanup: 22000 ns, At safepoint: 3800 ns, Total: 58800 ns
[2026-02-02T08:09:56.711+0000][14568][safepoint   ] Safepoint "Cleanup", Time since last: 69292863700 ns, Reaching safepoint: 19500 ns, Cleanup: 24800 ns, At safepoint: 2500 ns, Total: 46800 ns
[2026-02-02T08:14:51.293+0000][14568][safepoint   ] Safepoint "Cleanup", Time since last: 294581825300 ns, Reaching safepoint: 31700 ns, Cleanup: 18700 ns, At safepoint: 3300 ns, Total: 53700 ns
[2026-02-02T08:16:33.248+0000][14568][safepoint   ] Safepoint "Cleanup", Time since last: 101955013800 ns, Reaching safepoint: 12600 ns, Cleanup: 24900 ns, At safepoint: 17700 ns, Total: 55200 ns
[2026-02-02T08:17:50.900+0000][14568][safepoint   ] Safepoint "Cleanup", Time since last: 77651968900 ns, Reaching safepoint: 26900 ns, Cleanup: 14000 ns, At safepoint: 2200 ns, Total: 43100 ns
[2026-02-02T08:20:30.053+0000][14568][safepoint   ] Safepoint "Cleanup", Time since last: 159152943100 ns, Reaching safepoint: 515500 ns, Cleanup: 16400 ns, At safepoint: 79100 ns, Total: 611000 ns
[2026-02-02T08:20:31.059+0000][14568][safepoint   ] Safepoint "Cleanup", Time since last: 1005760500 ns, Reaching safepoint: 19200 ns, Cleanup: 13600 ns, At safepoint: 40600 ns, Total: 73400 ns
[2026-02-02T08:20:32.068+0000][14568][safepoint   ] Safepoint "Cleanup", Time since last: 1008418700 ns, Reaching safepoint: 23100 ns, Cleanup: 32700 ns, At safepoint: 23200 ns, Total: 79000 ns
[2026-02-02T08:20:33.071+0000][14568][safepoint   ] Safepoint "Cleanup", Time since last: 1003350000 ns, Reaching safepoint: 501500 ns, Cleanup: 18500 ns, At safepoint: 31700 ns, Total: 551700 ns
[2026-02-02T08:20:34.085+0000][14568][safepoint   ] Safepoint "Cleanup", Time since last: 1013285800 ns, Reaching safepoint: 23300 ns, Cleanup: 63900 ns, At safepoint: 3500 ns, Total: 90700 ns
[2026-02-02T08:20:35.097+0000][14568][safepoint   ] Safepoint "Cleanup", Time since last: 1012369400 ns, Reaching safepoint: 69400 ns, Cleanup: 45800 ns, At safepoint: 5000 ns, Total: 120200 ns
[2026-02-02T08:20:36.111+0000][14568][safepoint   ] Safepoint "Cleanup", Time since last: 1013231200 ns, Reaching safepoint: 24300 ns, Cleanup: 21500 ns, At safepoint: 3300 ns, Total: 49100 ns
[2026-02-02T08:21:11.870+0000][14568][safepoint   ] Safepoint "Cleanup", Time since last: 35758790200 ns, Reaching safepoint: 26700 ns, Cleanup: 21400 ns, At safepoint: 4200 ns, Total: 52300 ns
[2026-02-02T08:29:35.180+0000][14568][safepoint   ] Safepoint "Cleanup", Time since last: 503310725900 ns, Reaching safepoint: 28000 ns, Cleanup: 22300 ns, At safepoint: 4200 ns, Total: 54500 ns
[2026-02-02T08:30:32.279+0000][14568][safepoint   ] Safepoint "Cleanup", Time since last: 57098906700 ns, Reaching safepoint: 22200 ns, Cleanup: 35200 ns, At safepoint: 2600 ns, Total: 60000 ns
[2026-02-02T08:30:33.281+0000][14568][safepoint   ] Safepoint "Cleanup", Time since last: 1001738800 ns, Reaching safepoint: 20900 ns, Cleanup: 43700 ns, At safepoint: 14800 ns, Total: 79400 ns
[2026-02-02T08:30:35.294+0000][14568][safepoint   ] Safepoint "Cleanup", Time since last: 2012891400 ns, Reaching safepoint: 518100 ns, Cleanup: 318900 ns, At safepoint: 26800 ns, Total: 863800 ns
[2026-02-02T08:30:36.304+0000][14568][safepoint   ] Safepoint "Cleanup", Time since last: 1008923900 ns, Reaching safepoint: 22200 ns, Cleanup: 48000 ns, At safepoint: 6000 ns, Total: 76200 ns
[2026-02-02T08:30:37.318+0000][14568][safepoint   ] Safepoint "Cleanup", Time since last: 1014300800 ns, Reaching safepoint: 22500 ns, Cleanup: 20100 ns, At safepoint: 3100 ns, Total: 45700 ns
[2026-02-02T08:30:38.321+0000][14568][safepoint   ] Safepoint "Cleanup", Time since last: 1002713800 ns, Reaching safepoint: 25600 ns, Cleanup: 19300 ns, At safepoint: 38600 ns, Total: 83500 ns
[2026-02-02T08:30:39.336+0000][14568][safepoint   ] Safepoint "Cleanup", Time since last: 1014896000 ns, Reaching safepoint: 25400 ns, Cleanup: 30900 ns, At safepoint: 3200 ns, Total: 59500 ns
[2026-02-02T08:31:45.449+0000][14568][safepoint   ] Safepoint "Cleanup", Time since last: 66113212000 ns, Reaching safepoint: 23300 ns, Cleanup: 16500 ns, At safepoint: 2700 ns, Total: 42500 ns
[2026-02-02T08:31:49.466+0000][14568][safepoint   ] Safepoint "Cleanup", Time since last: 4016782700 ns, Reaching safepoint: 30100 ns, Cleanup: 23700 ns, At safepoint: 3300 ns, Total: 57100 ns
[2026-02-02T08:32:00.174+0000][14568][safepoint   ] Safepoint "Cleanup", Time since last: 10708317700 ns, Reaching safepoint: 19200 ns, Cleanup: 19800 ns, At safepoint: 3300 ns, Total: 42300 ns
[2026-02-02T08:32:02.188+0000][14568][safepoint   ] Safepoint "Cleanup", Time since last: 2013730000 ns, Reaching safepoint: 20600 ns, Cleanup: 96500 ns, At safepoint: 3200 ns, Total: 120300 ns
[2026-02-02T08:32:09.242+0000][14568][safepoint   ] Safepoint "Cleanup", Time since last: 7053668600 ns, Reaching safepoint: 22800 ns, Cleanup: 17900 ns, At safepoint: 2500 ns, Total: 43200 ns
[2026-02-02T08:33:41.698+0000][14568][safepoint   ] Safepoint "Cleanup", Time since last: 92456404000 ns, Reaching safepoint: 28500 ns, Cleanup: 18400 ns, At safepoint: 3100 ns, Total: 50000 ns
[2026-02-02T08:35:42.000+0000][14568][safepoint   ] Safepoint "Cleanup", Time since last: 120301007200 ns, Reaching safepoint: 24200 ns, Cleanup: 21700 ns, At safepoint: 4900 ns, Total: 50800 ns
[2026-02-02T08:36:11.891+0000][14568][safepoint   ] Safepoint "Cleanup", Time since last: 29891750000 ns, Reaching safepoint: 24200 ns, Cleanup: 22100 ns, At safepoint: 4200 ns, Total: 50500 ns
[2026-02-02T08:38:31.268+0000][14568][safepoint   ] Safepoint "Cleanup", Time since last: 139376892900 ns, Reaching safepoint: 39900 ns, Cleanup: 16700 ns, At safepoint: 2800 ns, Total: 59400 ns
[2026-02-02T08:38:36.298+0000][14568][safepoint   ] Safepoint "Cleanup", Time since last: 5029164400 ns, Reaching safepoint: 454900 ns, Cleanup: 14300 ns, At safepoint: 17900 ns, Total: 487100 ns
[2026-02-02T08:38:37.302+0000][14568][safepoint   ] Safepoint "Cleanup", Time since last: 1003960800 ns, Reaching safepoint: 24800 ns, Cleanup: 30500 ns, At safepoint: 20300 ns, Total: 75600 ns
[2026-02-02T08:38:38.305+0000][14568][safepoint   ] Safepoint "Cleanup", Time since last: 1002850500 ns, Reaching safepoint: 59500 ns, Cleanup: 45600 ns, At safepoint: 7300 ns, Total: 112400 ns
[2026-02-02T08:38:39.309+0000][14568][safepoint   ] Safepoint "Cleanup", Time since last: 1003712600 ns, Reaching safepoint: 307500 ns, Cleanup: 36700 ns, At safepoint: 33500 ns, Total: 377700 ns
[2026-02-02T08:38:40.311+0000][14568][safepoint   ] Safepoint "Cleanup", Time since last: 1001481700 ns, Reaching safepoint: 30300 ns, Cleanup: 20800 ns, At safepoint: 2700 ns, Total: 53800 ns
[2026-02-02T08:38:41.324+0000][14568][safepoint   ] Safepoint "Cleanup", Time since last: 1013413900 ns, Reaching safepoint: 38500 ns, Cleanup: 20200 ns, At safepoint: 17300 ns, Total: 76000 ns
[2026-02-02T08:38:42.334+0000][14568][safepoint   ] Safepoint "Cleanup", Time since last: 1010207900 ns, Reaching safepoint: 48100 ns, Cleanup: 70900 ns, At safepoint: 4600 ns, Total: 123600 ns
[2026-02-02T08:42:41.847+0000][14568][safepoint   ] Safepoint "Cleanup", Time since last: 239512631800 ns, Reaching safepoint: 28900 ns, Cleanup: 19500 ns, At safepoint: 2900 ns, Total: 51300 ns
[2026-02-02T08:43:11.675+0000][14568][safepoint   ] Safepoint "Cleanup", Time since last: 29827992700 ns, Reaching safepoint: 17100 ns, Cleanup: 14600 ns, At safepoint: 2200 ns, Total: 33900 ns
[2026-02-02T08:43:33.831+0000][14568][safepoint   ] Safepoint "Cleanup", Time since last: 22155732500 ns, Reaching safepoint: 18300 ns, Cleanup: 14400 ns, At safepoint: 2300 ns, Total: 35000 ns
[2026-02-02T08:43:44.913+0000][14568][safepoint   ] Safepoint "Cleanup", Time since last: 11082017100 ns, Reaching safepoint: 18400 ns, Cleanup: 16600 ns, At safepoint: 2000 ns, Total: 37000 ns
[2026-02-02T08:43:59.728+0000][14568][safepoint   ] Safepoint "Cleanup", Time since last: 14815130400 ns, Reaching safepoint: 22900 ns, Cleanup: 15400 ns, At safepoint: 23200 ns, Total: 61500 ns
[2026-02-02T08:44:00.741+0000][14568][safepoint   ] Safepoint "Cleanup", Time since last: 1012799900 ns, Reaching safepoint: 18800 ns, Cleanup: 34100 ns, At safepoint: 2900 ns, Total: 55800 ns
[2026-02-02T08:44:02.760+0000][14568][safepoint   ] Safepoint "Cleanup", Time since last: 2019029500 ns, Reaching safepoint: 19100 ns, Cleanup: 21400 ns, At safepoint: 2300 ns, Total: 42800 ns
[2026-02-02T08:44:12.811+0000][14568][safepoint   ] Safepoint "Cleanup", Time since last: 10050972100 ns, Reaching safepoint: 18400 ns, Cleanup: 16500 ns, At safepoint: 2800 ns, Total: 37700 ns
[2026-02-02T08:44:16.838+0000][14568][safepoint   ] Safepoint "Cleanup", Time since last: 4026979600 ns, Reaching safepoint: 19800 ns, Cleanup: 17800 ns, At safepoint: 2400 ns, Total: 40000 ns
[2026-02-02T08:44:17.840+0000][14568][safepoint   ] Safepoint "Cleanup", Time since last: 1001702300 ns, Reaching safepoint: 19900 ns, Cleanup: 17100 ns, At safepoint: 2100 ns, Total: 39100 ns
[2026-02-02T08:54:18.324+0000][14568][safepoint   ] Safepoint "Cleanup", Time since last: 600466359100 ns, Reaching safepoint: 16195600 ns, Cleanup: 659100 ns, At safepoint: 21300 ns, Total: 16876000 ns
[2026-02-02T08:54:19.324+0000][14568][safepoint   ] Safepoint "Cleanup", Time since last: 1000714800 ns, Reaching safepoint: 226400 ns, Cleanup: 48000 ns, At safepoint: 15900 ns, Total: 290300 ns
[2026-02-02T08:54:20.336+0000][14568][safepoint   ] Safepoint "Cleanup", Time since last: 1011456500 ns, Reaching safepoint: 16100 ns, Cleanup: 11100 ns, At safepoint: 2000 ns, Total: 29200 ns
[2026-02-02T08:54:21.348+0000][14568][safepoint   ] Safepoint "Cleanup", Time since last: 1012241500 ns, Reaching safepoint: 24400 ns, Cleanup: 65400 ns, At safepoint: 8400 ns, Total: 98200 ns
[2026-02-02T08:54:22.357+0000][14568][safepoint   ] Safepoint "Cleanup", Time since last: 1008827700 ns, Reaching safepoint: 42700 ns, Cleanup: 43000 ns, At safepoint: 3000 ns, Total: 88700 ns
[2026-02-02T08:54:23.359+0000][14568][safepoint   ] Safepoint "Cleanup", Time since last: 1002224400 ns, Reaching safepoint: 39900 ns, Cleanup: 41200 ns, At safepoint: 3800 ns, Total: 84900 ns
[2026-02-02T08:55:58.730+0000][14568][safepoint   ] Safepoint "Cleanup", Time since last: 95370430200 ns, Reaching safepoint: 24900 ns, Cleanup: 27800 ns, At safepoint: 2600 ns, Total: 55300 ns
[2026-02-02T08:56:36.668+0000][14568][safepoint   ] Safepoint "Cleanup", Time since last: 37937934100 ns, Reaching safepoint: 28400 ns, Cleanup: 36800 ns, At safepoint: 4300 ns, Total: 69500 ns
[2026-02-02T08:57:02.534+0000][14568][safepoint   ] Safepoint "Cleanup", Time since last: 25866142600 ns, Reaching safepoint: 16400 ns, Cleanup: 15600 ns, At safepoint: 2100 ns, Total: 34100 ns
[2026-02-02T08:57:03.536+0000][14568][safepoint   ] Safepoint "Cleanup", Time since last: 1002296900 ns, Reaching safepoint: 16900 ns, Cleanup: 20500 ns, At safepoint: 3100 ns, Total: 40500 ns
[2026-02-02T08:57:14.608+0000][14568][safepoint   ] Safepoint "Cleanup", Time since last: 11071322800 ns, Reaching safepoint: 17500 ns, Cleanup: 16100 ns, At safepoint: 2400 ns, Total: 36000 ns
[2026-02-02T09:03:50.795+0000][14568][safepoint   ] Safepoint "Cleanup", Time since last: 396187120100 ns, Reaching safepoint: 44800 ns, Cleanup: 72300 ns, At safepoint: 11000 ns, Total: 128100 ns
[2026-02-02T09:04:06.750+0000][14568][safepoint   ] Safepoint "Cleanup", Time since last: 15955207500 ns, Reaching safepoint: 22100 ns, Cleanup: 19000 ns, At safepoint: 2600 ns, Total: 43700 ns
[2026-02-02T09:04:11.795+0000][14568][safepoint   ] Safepoint "Cleanup", Time since last: 5044863200 ns, Reaching safepoint: 424100 ns, Cleanup: 67100 ns, At safepoint: 83400 ns, Total: 574600 ns
[2026-02-02T09:04:12.799+0000][14568][safepoint   ] Safepoint "Cleanup", Time since last: 1003937100 ns, Reaching safepoint: 22200 ns, Cleanup: 28500 ns, At safepoint: 12900 ns, Total: 63600 ns
[2026-02-02T09:04:13.800+0000][14568][safepoint   ] Safepoint "Cleanup", Time since last: 1000808400 ns, Reaching safepoint: 48200 ns, Cleanup: 25600 ns, At safepoint: 3000 ns, Total: 76800 ns
[2026-02-02T09:04:15.814+0000][14568][safepoint   ] Safepoint "Cleanup", Time since last: 2013951400 ns, Reaching safepoint: 22200 ns, Cleanup: 34100 ns, At safepoint: 2500 ns, Total: 58800 ns
[2026-02-02T09:04:32.918+0000][14568][safepoint   ] Safepoint "Cleanup", Time since last: 17104081500 ns, Reaching safepoint: 24900 ns, Cleanup: 27100 ns, At safepoint: 3800 ns, Total: 55800 ns
[2026-02-02T09:04:33.930+0000][14568][safepoint   ] Safepoint "Cleanup", Time since last: 1011523200 ns, Reaching safepoint: 25700 ns, Cleanup: 31700 ns, At safepoint: 4900 ns, Total: 62300 ns
[2026-02-02T09:07:41.644+0000][14568][safepoint   ] Safepoint "Cleanup", Time since last: 187713874100 ns, Reaching safepoint: 30100 ns, Cleanup: 139300 ns, At safepoint: 7200 ns, Total: 176600 ns
[2026-02-02T09:09:11.680+0000][14568][safepoint   ] Safepoint "Cleanup", Time since last: 90036184700 ns, Reaching safepoint: 20400 ns, Cleanup: 15400 ns, At safepoint: 2200 ns, Total: 38000 ns
[2026-02-02T09:12:45.377+0000][14568][safepoint   ] Safepoint "Cleanup", Time since last: 213696889600 ns, Reaching safepoint: 63000 ns, Cleanup: 21500 ns, At safepoint: 2800 ns, Total: 87300 ns
[2026-02-02T09:12:50.423+0000][14568][safepoint   ] Safepoint "Cleanup", Time since last: 5030326600 ns, Reaching safepoint: 15213600 ns, Cleanup: 25200 ns, At safepoint: 129500 ns, Total: 15368300 ns
[2026-02-02T09:12:51.433+0000][14568][safepoint   ] Safepoint "Cleanup", Time since last: 1007909700 ns, Reaching safepoint: 575400 ns, Cleanup: 15000 ns, At safepoint: 1314700 ns, Total: 1905100 ns
[2026-02-02T09:12:52.445+0000][14568][safepoint   ] Safepoint "Cleanup", Time since last: 1011946900 ns, Reaching safepoint: 26900 ns, Cleanup: 117100 ns, At safepoint: 48700 ns, Total: 192700 ns
[2026-02-02T09:12:53.451+0000][14568][safepoint   ] Safepoint "Cleanup", Time since last: 1006397400 ns, Reaching safepoint: 30000 ns, Cleanup: 21900 ns, At safepoint: 6800 ns, Total: 58700 ns
[2026-02-02T09:12:57.482+0000][14568][safepoint   ] Safepoint "Cleanup", Time since last: 4030956700 ns, Reaching safepoint: 28200 ns, Cleanup: 18300 ns, At safepoint: 2700 ns, Total: 49200 ns
[2026-02-02T09:19:24.829+0000][14568][safepoint   ] Safepoint "Cleanup", Time since last: 387339171500 ns, Reaching safepoint: 1624000 ns, Cleanup: 67800 ns, At safepoint: 5816800 ns, Total: 7508600 ns
[2026-02-02T09:19:26.837+0000][14568][safepoint   ] Safepoint "Cleanup", Time since last: 2007384200 ns, Reaching safepoint: 26700 ns, Cleanup: 19300 ns, At safepoint: 12200 ns, Total: 58200 ns
[2026-02-02T09:19:27.842+0000][14568][safepoint   ] Safepoint "Cleanup", Time since last: 1005748900 ns, Reaching safepoint: 30500 ns, Cleanup: 16000 ns, At safepoint: 2200 ns, Total: 48700 ns
[2026-02-02T09:19:28.846+0000][14568][safepoint   ] Safepoint "Cleanup", Time since last: 1002272200 ns, Reaching safepoint: 22200 ns, Cleanup: 1409800 ns, At safepoint: 5200 ns, Total: 1437200 ns
[2026-02-02T09:19:29.856+0000][14568][safepoint   ] Safepoint "Cleanup", Time since last: 1009583000 ns, Reaching safepoint: 65800 ns, Cleanup: 23500 ns, At safepoint: 36200 ns, Total: 125500 ns
[2026-02-02T09:19:41.954+0000][14568][safepoint   ] Safepoint "Cleanup", Time since last: 12097753700 ns, Reaching safepoint: 39400 ns, Cleanup: 18200 ns, At safepoint: 2500 ns, Total: 60100 ns
[2026-02-02T09:20:45.053+0000][14568][safepoint   ] Safepoint "Cleanup", Time since last: 63099762400 ns, Reaching safepoint: 19900 ns, Cleanup: 36100 ns, At safepoint: 2900 ns, Total: 58900 ns
[2026-02-02T09:20:46.054+0000][14568][safepoint   ] Safepoint "Cleanup", Time since last: 1000071400 ns, Reaching safepoint: 22700 ns, Cleanup: 18800 ns, At safepoint: 2600 ns, Total: 44100 ns
[2026-02-02T09:20:54.120+0000][14568][safepoint   ] Safepoint "Cleanup", Time since last: 8066510000 ns, Reaching safepoint: 54600 ns, Cleanup: 18700 ns, At safepoint: 4500 ns, Total: 77800 ns
[2026-02-02T09:20:57.136+0000][14568][safepoint   ] Safepoint "Cleanup", Time since last: 3016338400 ns, Reaching safepoint: 40300 ns, Cleanup: 29600 ns, At safepoint: 3400 ns, Total: 73300 ns
[2026-02-02T09:20:59.140+0000][14568][safepoint   ] Safepoint "Cleanup", Time since last: 2003249900 ns, Reaching safepoint: 20100 ns, Cleanup: 35600 ns, At safepoint: 45000 ns, Total: 100700 ns
[2026-02-02T09:21:00.146+0000][14568][safepoint   ] Safepoint "Cleanup", Time since last: 1006378900 ns, Reaching safepoint: 146100 ns, Cleanup: 89300 ns, At safepoint: 7400 ns, Total: 242800 ns
[2026-02-02T09:24:28.510+0000][14568][safepoint   ] Safepoint "Cleanup", Time since last: 208363678900 ns, Reaching safepoint: 37400 ns, Cleanup: 20600 ns, At safepoint: 3600 ns, Total: 61600 ns
[2026-02-02T09:26:26.808+0000][14568][safepoint   ] Safepoint "Cleanup", Time since last: 118297497200 ns, Reaching safepoint: 29800 ns, Cleanup: 15900 ns, At safepoint: 2700 ns, Total: 48400 ns
[2026-02-02T09:27:37.179+0000][14568][gc,start    ] GC(17) Pause Young (Mixed) (G1 Evacuation Pause)
[2026-02-02T09:27:37.184+0000][14568][gc,task     ] GC(17) Using 13 workers of 13 for evacuation
[2026-02-02T09:27:37.184+0000][14568][gc,age      ] GC(17) Desired survivor size 316669952 bytes, new threshold 15 (max threshold 15)
[2026-02-02T09:27:37.397+0000][14568][gc,mmu      ] GC(17) MMU target violated: 201.0ms (200.0ms/201.0ms)
[2026-02-02T09:27:37.397+0000][14568][gc,phases   ] GC(17)   Pre Evacuate Collection Set: 20.5ms
[2026-02-02T09:27:37.397+0000][14568][gc,phases   ] GC(17)   Merge Heap Roots: 2.2ms
[2026-02-02T09:27:37.397+0000][14568][gc,phases   ] GC(17)   Evacuate Collection Set: 157.9ms
[2026-02-02T09:27:37.397+0000][14568][gc,phases   ] GC(17)   Post Evacuate Collection Set: 16.2ms
[2026-02-02T09:27:37.397+0000][14568][gc,phases   ] GC(17)   Other: 19.6ms
[2026-02-02T09:27:37.397+0000][14568][gc,age      ] GC(17) Age table with threshold 15 (max threshold 15)
[2026-02-02T09:27:37.397+0000][14568][gc,age      ] GC(17) - age   1:    8694784 bytes,    8694784 total
[2026-02-02T09:27:37.397+0000][14568][gc,age      ] GC(17) - age   2:    7999296 bytes,   16694080 total
[2026-02-02T09:27:37.397+0000][14568][gc,age      ] GC(17) - age   3:    1139304 bytes,   17833384 total
[2026-02-02T09:27:37.397+0000][14568][gc,age      ] GC(17) - age   4:    4116936 bytes,   21950320 total
[2026-02-02T09:27:37.397+0000][14568][gc,age      ] GC(17) - age   5:   23251336 bytes,   45201656 total
[2026-02-02T09:27:37.397+0000][14568][gc,heap     ] GC(17) Eden regions: 1197->0(1195)
[2026-02-02T09:27:37.397+0000][14568][gc,heap     ] GC(17) Survivor regions: 11->13(151)
[2026-02-02T09:27:37.397+0000][14568][gc,heap     ] GC(17) Old regions: 18->18
[2026-02-02T09:27:37.397+0000][14568][gc,heap     ] GC(17) Humongous regions: 2->2
[2026-02-02T09:27:37.398+0000][14568][gc,metaspace] GC(17) Metaspace: 120067K(123072K)->120067K(123072K) NonClass: 104096K(105728K)->104096K(105728K) Class: 15971K(17344K)->15971K(17344K)
[2026-02-02T09:27:37.398+0000][14568][gc          ] GC(17) Pause Young (Mixed) (G1 Evacuation Pause) 4909M->127M(8056M) 219.044ms
[2026-02-02T09:27:37.398+0000][14568][gc,cpu      ] GC(17) User=0.14s Sys=0.45s Real=0.22s
[2026-02-02T09:27:37.398+0000][14568][safepoint   ] Safepoint "G1CollectForAllocation", Time since last: 70370572800 ns, Reaching safepoint: 22500 ns, Cleanup: 19300 ns, At safepoint: 219901500 ns, Total: 219943300 ns
[2026-02-02T09:27:38.410+0000][14568][safepoint   ] Safepoint "Cleanup", Time since last: 1011771800 ns, Reaching safepoint: 386900 ns, Cleanup: 12300 ns, At safepoint: 362200 ns, Total: 761400 ns
[2026-02-02T09:27:39.412+0000][14568][safepoint   ] Safepoint "Cleanup", Time since last: 1001337900 ns, Reaching safepoint: 18500 ns, Cleanup: 13000 ns, At safepoint: 2000 ns, Total: 33500 ns
[2026-02-02T09:27:40.414+0000][14568][safepoint   ] Safepoint "Cleanup", Time since last: 1001960100 ns, Reaching safepoint: 24800 ns, Cleanup: 28500 ns, At safepoint: 3200 ns, Total: 56500 ns
[2026-02-02T09:27:41.429+0000][14568][safepoint   ] Safepoint "Cleanup", Time since last: 1014758400 ns, Reaching safepoint: 597900 ns, Cleanup: 15400 ns, At safepoint: 55700 ns, Total: 669000 ns
[2026-02-02T09:31:32.444+0000][14568][safepoint   ] Safepoint "Cleanup", Time since last: 231014586900 ns, Reaching safepoint: 18000 ns, Cleanup: 24400 ns, At safepoint: 2500 ns, Total: 44900 ns
[2026-02-02T09:35:37.986+0000][14568][safepoint   ] Safepoint "Cleanup", Time since last: 245541756600 ns, Reaching safepoint: 48700 ns, Cleanup: 25700 ns, At safepoint: 3000 ns, Total: 77400 ns
[2026-02-02T09:35:40.001+0000][14568][safepoint   ] Safepoint "Cleanup", Time since last: 2014618700 ns, Reaching safepoint: 21700 ns, Cleanup: 15600 ns, At safepoint: 2400 ns, Total: 39700 ns
[2026-02-02T09:37:21.091+0000][14568][safepoint   ] Safepoint "Cleanup", Time since last: 101090452300 ns, Reaching safepoint: 47400 ns, Cleanup: 27100 ns, At safepoint: 2600 ns, Total: 77100 ns
[2026-02-02T09:37:28.155+0000][14568][safepoint   ] Safepoint "Cleanup", Time since last: 7063442700 ns, Reaching safepoint: 34000 ns, Cleanup: 19800 ns, At safepoint: 2300 ns, Total: 56100 ns
[2026-02-02T09:37:33.191+0000][14568][safepoint   ] Safepoint "Cleanup", Time since last: 5036556100 ns, Reaching safepoint: 19000 ns, Cleanup: 20700 ns, At safepoint: 2400 ns, Total: 42100 ns
[2026-02-02T09:37:34.199+0000][14568][safepoint   ] Safepoint "Cleanup", Time since last: 1007909500 ns, Reaching safepoint: 16800 ns, Cleanup: 13400 ns, At safepoint: 2100 ns, Total: 32300 ns
[2026-02-02T09:37:35.205+0000][14568][safepoint   ] Safepoint "Cleanup", Time since last: 1006059400 ns, Reaching safepoint: 20600 ns, Cleanup: 17700 ns, At safepoint: 2600 ns, Total: 40900 ns
[2026-02-02T09:37:37.214+0000][14568][safepoint   ] Safepoint "Cleanup", Time since last: 2008776100 ns, Reaching safepoint: 27200 ns, Cleanup: 79200 ns, At safepoint: 4000 ns, Total: 110400 ns
[2026-02-02T09:37:40.228+0000][14568][safepoint   ] Safepoint "Cleanup", Time since last: 3013404000 ns, Reaching safepoint: 85300 ns, Cleanup: 23300 ns, At safepoint: 27000 ns, Total: 135600 ns
[2026-02-02T09:38:03.422+0000][14568][safepoint   ] Safepoint "Cleanup", Time since last: 23194327900 ns, Reaching safepoint: 35500 ns, Cleanup: 24100 ns, At safepoint: 3400 ns, Total: 63000 ns
[2026-02-02T09:38:08.196+0000][14568][safepoint   ] Safepoint "Cleanup", Time since last: 4773881500 ns, Reaching safepoint: 21000 ns, Cleanup: 17300 ns, At safepoint: 2300 ns, Total: 40600 ns
[2026-02-02T09:38:09.203+0000][14568][safepoint   ] Safepoint "Cleanup", Time since last: 1006888400 ns, Reaching safepoint: 20100 ns, Cleanup: 13300 ns, At safepoint: 2000 ns, Total: 35400 ns
[2026-02-02T09:38:37.424+0000][14568][safepoint   ] Safepoint "Cleanup", Time since last: 28221002900 ns, Reaching safepoint: 28200 ns, Cleanup: 21400 ns, At safepoint: 3400 ns, Total: 53000 ns
[2026-02-02T09:42:32.873+0000][14568][safepoint   ] Safepoint "Cleanup", Time since last: 235448371100 ns, Reaching safepoint: 50200 ns, Cleanup: 19100 ns, At safepoint: 3000 ns, Total: 72300 ns
[2026-02-02T09:42:33.873+0000][14568][safepoint   ] Safepoint "Cleanup", Time since last: 1000392900 ns, Reaching safepoint: 30100 ns, Cleanup: 38000 ns, At safepoint: 4600 ns, Total: 72700 ns
[2026-02-02T09:42:34.886+0000][14568][safepoint   ] Safepoint "Cleanup", Time since last: 1013022500 ns, Reaching safepoint: 22500 ns, Cleanup: 28700 ns, At safepoint: 4000 ns, Total: 55200 ns
[2026-02-02T09:42:35.888+0000][14568][safepoint   ] Safepoint "Cleanup", Time since last: 1001362800 ns, Reaching safepoint: 319500 ns, Cleanup: 36500 ns, At safepoint: 47400 ns, Total: 403400 ns
[2026-02-02T09:42:36.890+0000][14568][safepoint   ] Safepoint "Cleanup", Time since last: 1001590000 ns, Reaching safepoint: 18500 ns, Cleanup: 18600 ns, At safepoint: 2500 ns, Total: 39600 ns
[2026-02-02T09:42:37.891+0000][14568][safepoint   ] Safepoint "Cleanup", Time since last: 1001765100 ns, Reaching safepoint: 488100 ns, Cleanup: 29500 ns, At safepoint: 35500 ns, Total: 553100 ns
[2026-02-02T09:42:39.908+0000][14568][safepoint   ] Safepoint "Cleanup", Time since last: 2016652000 ns, Reaching safepoint: 22600 ns, Cleanup: 20700 ns, At safepoint: 2800 ns, Total: 46100 ns
[2026-02-02T09:42:42.924+0000][14568][safepoint   ] Safepoint "Cleanup", Time since last: 3015780800 ns, Reaching safepoint: 23200 ns, Cleanup: 16000 ns, At safepoint: 42400 ns, Total: 81600 ns
[2026-02-02T09:43:44.121+0000][14568][safepoint   ] Safepoint "Cleanup", Time since last: 61180667300 ns, Reaching safepoint: 15532800 ns, Cleanup: 39000 ns, At safepoint: 179700 ns, Total: 15751500 ns
[2026-02-02T09:43:45.129+0000][14568][safepoint   ] Safepoint "Cleanup", Time since last: 1008337000 ns, Reaching safepoint: 25900 ns, Cleanup: 30000 ns, At safepoint: 3300 ns, Total: 59200 ns
[2026-02-02T09:43:50.168+0000][14568][safepoint   ] Safepoint "Cleanup", Time since last: 5038602300 ns, Reaching safepoint: 21600 ns, Cleanup: 82200 ns, At safepoint: 3800 ns, Total: 107600 ns
[2026-02-02T09:44:04.258+0000][14568][safepoint   ] Safepoint "Cleanup", Time since last: 14090418500 ns, Reaching safepoint: 28300 ns, Cleanup: 25400 ns, At safepoint: 4800 ns, Total: 58500 ns
[2026-02-02T09:56:34.200+0000][14568][safepoint   ] Safepoint "Cleanup", Time since last: 749941522400 ns, Reaching safepoint: 55400 ns, Cleanup: 25100 ns, At safepoint: 4100 ns, Total: 84600 ns
[2026-02-02T10:06:01.893+0000][14568][safepoint   ] Safepoint "Cleanup", Time since last: 567692600600 ns, Reaching safepoint: 24200 ns, Cleanup: 18600 ns, At safepoint: 3200 ns, Total: 46000 ns
[2026-02-02T10:07:44.852+0000][14568][safepoint   ] Safepoint "Cleanup", Time since last: 102958836100 ns, Reaching safepoint: 14300 ns, Cleanup: 42000 ns, At safepoint: 3000 ns, Total: 59300 ns
[2026-02-02T10:07:51.895+0000][14568][safepoint   ] Safepoint "Cleanup", Time since last: 7043887000 ns, Reaching safepoint: 19800 ns, Cleanup: 20900 ns, At safepoint: 2800 ns, Total: 43500 ns
[2026-02-02T10:13:34.949+0000][14568][safepoint   ] Safepoint "Cleanup", Time since last: 343053552700 ns, Reaching safepoint: 21300 ns, Cleanup: 69900 ns, At safepoint: 3400 ns, Total: 94600 ns
[2026-02-02T10:14:59.396+0000][14568][safepoint   ] Safepoint "Cleanup", Time since last: 84447132700 ns, Reaching safepoint: 23100 ns, Cleanup: 20300 ns, At safepoint: 2500 ns, Total: 45900 ns
[2026-02-02T10:15:57.486+0000][14568][safepoint   ] Safepoint "Cleanup", Time since last: 58090093800 ns, Reaching safepoint: 34700 ns, Cleanup: 19400 ns, At safepoint: 3700 ns, Total: 57800 ns
[2026-02-02T10:16:06.548+0000][14568][safepoint   ] Safepoint "Cleanup", Time since last: 9061758900 ns, Reaching safepoint: 23800 ns, Cleanup: 18700 ns, At safepoint: 2100 ns, Total: 44600 ns
[2026-02-02T10:16:42.477+0000][14568][safepoint   ] Safepoint "Cleanup", Time since last: 35929183700 ns, Reaching safepoint: 26100 ns, Cleanup: 25700 ns, At safepoint: 5000 ns, Total: 56800 ns
[2026-02-02T10:16:47.504+0000][14568][safepoint   ] Safepoint "Cleanup", Time since last: 5026715800 ns, Reaching safepoint: 26600 ns, Cleanup: 19600 ns, At safepoint: 2800 ns, Total: 49000 ns
[2026-02-02T10:17:33.403+0000][14568][safepoint   ] Safepoint "Cleanup", Time since last: 45898604500 ns, Reaching safepoint: 21900 ns, Cleanup: 17600 ns, At safepoint: 2700 ns, Total: 42200 ns
[2026-02-02T10:17:38.455+0000][14568][safepoint   ] Safepoint "Cleanup", Time since last: 5051853900 ns, Reaching safepoint: 51600 ns, Cleanup: 25500 ns, At safepoint: 4500 ns, Total: 81600 ns
[2026-02-02T10:17:57.606+0000][14568][safepoint   ] Safepoint "Cleanup", Time since last: 19150856200 ns, Reaching safepoint: 31100 ns, Cleanup: 157400 ns, At safepoint: 8800 ns, Total: 197300 ns
[2026-02-02T10:18:00.636+0000][14568][safepoint   ] Safepoint "Cleanup", Time since last: 3029861700 ns, Reaching safepoint: 17200 ns, Cleanup: 18200 ns, At safepoint: 3500 ns, Total: 38900 ns
[2026-02-02T10:18:02.638+0000][14568][safepoint   ] Safepoint "Cleanup", Time since last: 2002247900 ns, Reaching safepoint: 21500 ns, Cleanup: 17700 ns, At safepoint: 3700 ns, Total: 42900 ns
[2026-02-02T10:18:27.378+0000][14568][safepoint   ] Safepoint "Cleanup", Time since last: 24740330400 ns, Reaching safepoint: 28400 ns, Cleanup: 17100 ns, At safepoint: 2600 ns, Total: 48100 ns
[2026-02-02T10:18:37.483+0000][14568][safepoint   ] Safepoint "Cleanup", Time since last: 10104543300 ns, Reaching safepoint: 24100 ns, Cleanup: 17000 ns, At safepoint: 3200 ns, Total: 44300 ns
[2026-02-02T10:18:40.507+0000][14568][safepoint   ] Safepoint "Cleanup", Time since last: 3023452100 ns, Reaching safepoint: 29200 ns, Cleanup: 22400 ns, At safepoint: 3500 ns, Total: 55100 ns
[2026-02-02T10:18:53.605+0000][14568][safepoint   ] Safepoint "Cleanup", Time since last: 13099108300 ns, Reaching safepoint: 20300 ns, Cleanup: 15000 ns, At safepoint: 2600 ns, Total: 37900 ns
[2026-02-02T10:18:58.651+0000][14568][safepoint   ] Safepoint "Cleanup", Time since last: 5045338300 ns, Reaching safepoint: 27500 ns, Cleanup: 20800 ns, At safepoint: 3300 ns, Total: 51600 ns
[2026-02-02T10:19:06.701+0000][14568][safepoint   ] Safepoint "Cleanup", Time since last: 8050309100 ns, Reaching safepoint: 35500 ns, Cleanup: 35500 ns, At safepoint: 5400 ns, Total: 76400 ns
[2026-02-02T10:19:18.447+0000][14568][safepoint   ] Safepoint "Cleanup", Time since last: 11746102600 ns, Reaching safepoint: 32100 ns, Cleanup: 24400 ns, At safepoint: 4300 ns, Total: 60800 ns
[2026-02-02T10:19:21.460+0000][14568][safepoint   ] Safepoint "Cleanup", Time since last: 3012458300 ns, Reaching safepoint: 21800 ns, Cleanup: 16600 ns, At safepoint: 3500 ns, Total: 41900 ns
[2026-02-02T10:19:31.557+0000][14568][safepoint   ] Safepoint "Cleanup", Time since last: 10096827200 ns, Reaching safepoint: 25800 ns, Cleanup: 98000 ns, At safepoint: 5900 ns, Total: 129700 ns
[2026-02-02T10:20:04.845+0000][14568][safepoint   ] Safepoint "Cleanup", Time since last: 33287947800 ns, Reaching safepoint: 20400 ns, Cleanup: 15100 ns, At safepoint: 2500 ns, Total: 38000 ns
[2026-02-02T10:20:45.865+0000][14568][safepoint   ] Safepoint "Cleanup", Time since last: 41019577400 ns, Reaching safepoint: 24500 ns, Cleanup: 16300 ns, At safepoint: 2800 ns, Total: 43600 ns
[2026-02-02T10:21:25.824+0000][14568][safepoint   ] Safepoint "Cleanup", Time since last: 39959833500 ns, Reaching safepoint: 303300 ns, Cleanup: 35800 ns, At safepoint: 8000 ns, Total: 347100 ns
[2026-02-02T10:21:29.843+0000][14568][safepoint   ] Safepoint "Cleanup", Time since last: 4007523000 ns, Reaching safepoint: 10844100 ns, Cleanup: 30000 ns, At safepoint: 144700 ns, Total: 11018800 ns
[2026-02-02T10:21:30.846+0000][14568][safepoint   ] Safepoint "Cleanup", Time since last: 1002191400 ns, Reaching safepoint: 50600 ns, Cleanup: 48200 ns, At safepoint: 5800 ns, Total: 104600 ns
[2026-02-02T10:21:46.966+0000][14568][safepoint   ] Safepoint "Cleanup", Time since last: 16119923100 ns, Reaching safepoint: 20200 ns, Cleanup: 15600 ns, At safepoint: 2600 ns, Total: 38400 ns
[2026-02-02T10:25:09.392+0000][14568][safepoint   ] Safepoint "Cleanup", Time since last: 202426747700 ns, Reaching safepoint: 33800 ns, Cleanup: 18700 ns, At safepoint: 2600 ns, Total: 55100 ns
[2026-02-02T10:26:01.420+0000][14568][safepoint   ] Safepoint "Cleanup", Time since last: 52027423500 ns, Reaching safepoint: 24500 ns, Cleanup: 823700 ns, At safepoint: 7200 ns, Total: 855400 ns
[2026-02-02T10:26:43.421+0000][14568][safepoint   ] Safepoint "Cleanup", Time since last: 41999896700 ns, Reaching safepoint: 21100 ns, Cleanup: 14700 ns, At safepoint: 3000 ns, Total: 38800 ns
[2026-02-02T10:27:18.416+0000][14568][safepoint   ] Safepoint "Cleanup", Time since last: 34995488300 ns, Reaching safepoint: 16400 ns, Cleanup: 414500 ns, At safepoint: 4000 ns, Total: 434900 ns
[2026-02-02T10:27:19.424+0000][14568][safepoint   ] Safepoint "Cleanup", Time since last: 1007286600 ns, Reaching safepoint: 15600 ns, Cleanup: 26600 ns, At safepoint: 2900 ns, Total: 45100 ns
[2026-02-02T10:27:24.457+0000][14568][safepoint   ] Safepoint "Cleanup", Time since last: 5032876400 ns, Reaching safepoint: 52700 ns, Cleanup: 28700 ns, At safepoint: 4100 ns, Total: 85500 ns
[2026-02-02T10:27:29.482+0000][14568][safepoint   ] Safepoint "Cleanup", Time since last: 5024705200 ns, Reaching safepoint: 33700 ns, Cleanup: 24300 ns, At safepoint: 4500 ns, Total: 62500 ns
[2026-02-02T10:27:36.523+0000][14568][safepoint   ] Safepoint "Cleanup", Time since last: 7041169800 ns, Reaching safepoint: 30700 ns, Cleanup: 45200 ns, At safepoint: 4200 ns, Total: 80100 ns
[2026-02-02T10:27:43.243+0000][14568][gc,start    ] GC(18) Pause Young (Concurrent Start) (CodeCache GC Threshold)
[2026-02-02T10:27:43.247+0000][14568][gc,task     ] GC(18) Using 13 workers of 13 for evacuation
[2026-02-02T10:27:43.247+0000][14568][gc,age      ] GC(18) Desired survivor size 278921216 bytes, new threshold 15 (max threshold 15)
[2026-02-02T10:27:43.416+0000][14568][gc,phases   ] GC(18)   Pre Evacuate Collection Set: 16.1ms
[2026-02-02T10:27:43.416+0000][14568][gc,phases   ] GC(18)   Merge Heap Roots: 1.5ms
[2026-02-02T10:27:43.416+0000][14568][gc,phases   ] GC(18)   Evacuate Collection Set: 132.2ms
[2026-02-02T10:27:43.416+0000][14568][gc,phases   ] GC(18)   Post Evacuate Collection Set: 15.6ms
[2026-02-02T10:27:43.416+0000][14568][gc,phases   ] GC(18)   Other: 5.2ms
[2026-02-02T10:27:43.416+0000][14568][gc,age      ] GC(18) Age table with threshold 15 (max threshold 15)
[2026-02-02T10:27:43.416+0000][14568][gc,age      ] GC(18) - age   1:    3362696 bytes,    3362696 total
[2026-02-02T10:27:43.416+0000][14568][gc,age      ] GC(18) - age   2:    7169000 bytes,   10531696 total
[2026-02-02T10:27:43.416+0000][14568][gc,age      ] GC(18) - age   3:    7804968 bytes,   18336664 total
[2026-02-02T10:27:43.416+0000][14568][gc,age      ] GC(18) - age   4:    1139304 bytes,   19475968 total
[2026-02-02T10:27:43.416+0000][14568][gc,age      ] GC(18) - age   5:    4090352 bytes,   23566320 total
[2026-02-02T10:27:43.416+0000][14568][gc,age      ] GC(18) - age   6:   23140864 bytes,   46707184 total
[2026-02-02T10:27:43.416+0000][14568][gc,heap     ] GC(18) Eden regions: 372->0(1194)
[2026-02-02T10:27:43.416+0000][14568][gc,heap     ] GC(18) Survivor regions: 13->14(133)
[2026-02-02T10:27:43.416+0000][14568][gc,heap     ] GC(18) Old regions: 18->18
[2026-02-02T10:27:43.416+0000][14568][gc,heap     ] GC(18) Humongous regions: 2->2
[2026-02-02T10:27:43.416+0000][14568][gc,metaspace] GC(18) Metaspace: 120200K(123200K)->120200K(123200K) NonClass: 104228K(105856K)->104228K(105856K) Class: 15971K(17344K)->15971K(17344K)
[2026-02-02T10:27:43.417+0000][14568][gc          ] GC(18) Pause Young (Concurrent Start) (CodeCache GC Threshold) 1615M->131M(8056M) 173.984ms
[2026-02-02T10:27:43.417+0000][14568][gc,cpu      ] GC(18) User=0.11s Sys=0.56s Real=0.17s
[2026-02-02T10:27:43.418+0000][14568][safepoint   ] Safepoint "G1TryInitiateConcMark", Time since last: 6719575700 ns, Reaching safepoint: 62700 ns, Cleanup: 12800 ns, At safepoint: 175020000 ns, Total: 175095500 ns
[2026-02-02T10:27:43.418+0000][14568][gc          ] GC(19) Concurrent Mark Cycle
[2026-02-02T10:27:43.418+0000][14568][gc,marking  ] GC(19) Concurrent Scan Root Regions
[2026-02-02T10:27:43.483+0000][14568][gc,marking  ] GC(19) Concurrent Scan Root Regions 65.989ms
[2026-02-02T10:27:43.483+0000][14568][gc,marking  ] GC(19) Concurrent Mark
[2026-02-02T10:27:43.483+0000][14568][gc,marking  ] GC(19) Concurrent Mark From Roots
[2026-02-02T10:27:43.483+0000][14568][gc,task     ] GC(19) Using 3 workers of 3 for marking
[2026-02-02T10:27:43.637+0000][14568][gc,marking  ] GC(19) Concurrent Mark From Roots 154.070ms
[2026-02-02T10:27:43.637+0000][14568][gc,marking  ] GC(19) Concurrent Preclean
[2026-02-02T10:27:43.638+0000][14568][gc,marking  ] GC(19) Concurrent Preclean 0.626ms
[2026-02-02T10:27:43.638+0000][14568][gc,start    ] GC(19) Pause Remark
[2026-02-02T10:27:44.349+0000][14568][gc,mmu      ] GC(19) MMU target violated: 201.0ms (200.0ms/201.0ms)
[2026-02-02T10:27:44.349+0000][14568][gc          ] GC(19) Pause Remark 145M->145M(8056M) 711.460ms
[2026-02-02T10:27:44.349+0000][14568][gc,cpu      ] GC(19) User=0.16s Sys=0.81s Real=0.71s
[2026-02-02T10:27:44.365+0000][14568][safepoint   ] Safepoint "G1PauseRemark", Time since last: 221202900 ns, Reaching safepoint: 18100 ns, Cleanup: 6800 ns, At safepoint: 725850500 ns, Total: 725875400 ns
[2026-02-02T10:27:44.365+0000][14568][gc,marking  ] GC(19) Concurrent Mark 880.825ms
[2026-02-02T10:27:44.365+0000][14568][gc,marking  ] GC(19) Concurrent Rebuild Remembered Sets and Scrub Regions
[2026-02-02T10:27:44.382+0000][14568][gc,marking  ] GC(19) Concurrent Rebuild Remembered Sets and Scrub Regions 16.524ms
[2026-02-02T10:27:44.399+0000][14568][gc,start    ] GC(19) Pause Cleanup
[2026-02-02T10:27:44.400+0000][14568][gc          ] GC(19) Pause Cleanup 152M->152M(8056M) 0.539ms
[2026-02-02T10:27:44.400+0000][14568][gc,cpu      ] GC(19) User=0.00s Sys=0.00s Real=0.00s
[2026-02-02T10:27:44.400+0000][14568][safepoint   ] Safepoint "G1PauseCleanup", Time since last: 16907300 ns, Reaching safepoint: 17700000 ns, Cleanup: 735400 ns, At safepoint: 695400 ns, Total: 19130800 ns
[2026-02-02T10:27:44.400+0000][14568][gc,marking  ] GC(19) Concurrent Clear Claimed Marks
[2026-02-02T10:27:44.400+0000][14568][gc,marking  ] GC(19) Concurrent Clear Claimed Marks 0.148ms
[2026-02-02T10:27:44.400+0000][14568][gc,marking  ] GC(19) Concurrent Cleanup for Next Mark
[2026-02-02T10:27:44.430+0000][14568][gc,marking  ] GC(19) Concurrent Cleanup for Next Mark 28.968ms
[2026-02-02T10:27:44.430+0000][14568][gc          ] GC(19) Concurrent Mark Cycle 1012.235ms
[2026-02-02T10:28:25.633+0000][14568][safepoint   ] Safepoint "Cleanup", Time since last: 41232301700 ns, Reaching safepoint: 22700 ns, Cleanup: 19700 ns, At safepoint: 3100 ns, Total: 45500 ns
[2026-02-02T10:28:34.704+0000][14568][safepoint   ] Safepoint "Cleanup", Time since last: 9070650100 ns, Reaching safepoint: 23700 ns, Cleanup: 20100 ns, At safepoint: 3700 ns, Total: 47500 ns
[2026-02-02T10:28:35.718+0000][14568][safepoint   ] Safepoint "Cleanup", Time since last: 1014181200 ns, Reaching safepoint: 25600 ns, Cleanup: 23600 ns, At safepoint: 46300 ns, Total: 95500 ns
[2026-02-02T10:31:47.212+0000][14568][safepoint   ] Safepoint "Cleanup", Time since last: 191493831800 ns, Reaching safepoint: 23100 ns, Cleanup: 16200 ns, At safepoint: 2700 ns, Total: 42000 ns
[2026-02-02T10:32:44.433+0000][14568][safepoint   ] Safepoint "Cleanup", Time since last: 57220967500 ns, Reaching safepoint: 17300 ns, Cleanup: 11700 ns, At safepoint: 2000 ns, Total: 31000 ns
[2026-02-02T10:38:46.141+0000][14568][safepoint   ] Safepoint "Cleanup", Time since last: 361691847100 ns, Reaching safepoint: 15208700 ns, Cleanup: 666300 ns, At safepoint: 520700 ns, Total: 16395700 ns
[2026-02-02T10:38:53.217+0000][14568][safepoint   ] Safepoint "Cleanup", Time since last: 7076111400 ns, Reaching safepoint: 426100 ns, Cleanup: 21000 ns, At safepoint: 79200 ns, Total: 526300 ns
[2026-02-02T10:38:54.222+0000][14568][safepoint   ] Safepoint "Cleanup", Time since last: 1004127900 ns, Reaching safepoint: 252400 ns, Cleanup: 114700 ns, At safepoint: 14000 ns, Total: 381100 ns
[2026-02-02T10:38:55.232+0000][14568][safepoint   ] Safepoint "Cleanup", Time since last: 1009648700 ns, Reaching safepoint: 25500 ns, Cleanup: 74800 ns, At safepoint: 48900 ns, Total: 149200 ns
[2026-02-02T10:38:57.246+0000][14568][safepoint   ] Safepoint "Cleanup", Time since last: 2013361300 ns, Reaching safepoint: 23900 ns, Cleanup: 22100 ns, At safepoint: 20900 ns, Total: 66900 ns
[2026-02-02T10:38:58.256+0000][14568][safepoint   ] Safepoint "Cleanup", Time since last: 1010446100 ns, Reaching safepoint: 34200 ns, Cleanup: 24700 ns, At safepoint: 3000 ns, Total: 61900 ns
[2026-02-02T10:40:29.028+0000][14568][safepoint   ] Safepoint "Cleanup", Time since last: 90771919300 ns, Reaching safepoint: 488600 ns, Cleanup: 37900 ns, At safepoint: 68700 ns, Total: 595200 ns
[2026-02-02T10:40:30.031+0000][14568][safepoint   ] Safepoint "Cleanup", Time since last: 1002726800 ns, Reaching safepoint: 24400 ns, Cleanup: 46700 ns, At safepoint: 18600 ns, Total: 89700 ns
[2026-02-02T10:40:31.046+0000][14568][safepoint   ] Safepoint "Cleanup", Time since last: 1014652300 ns, Reaching safepoint: 25800 ns, Cleanup: 90400 ns, At safepoint: 4000 ns, Total: 120200 ns
[2026-02-02T10:40:32.053+0000][14568][safepoint   ] Safepoint "Cleanup", Time since last: 1006981100 ns, Reaching safepoint: 17100 ns, Cleanup: 18900 ns, At safepoint: 2500 ns, Total: 38500 ns
[2026-02-02T10:40:33.060+0000][14568][safepoint   ] Safepoint "Cleanup", Time since last: 1006740200 ns, Reaching safepoint: 52200 ns, Cleanup: 22900 ns, At safepoint: 10700 ns, Total: 85800 ns
[2026-02-02T10:40:34.062+0000][14568][safepoint   ] Safepoint "Cleanup", Time since last: 1001715500 ns, Reaching safepoint: 19400 ns, Cleanup: 40300 ns, At safepoint: 85400 ns, Total: 145100 ns
[2026-02-02T10:40:44.134+0000][14568][safepoint   ] Safepoint "Cleanup", Time since last: 10072348700 ns, Reaching safepoint: 30200 ns, Cleanup: 18500 ns, At safepoint: 2800 ns, Total: 51500 ns
[2026-02-02T10:40:48.170+0000][14568][safepoint   ] Safepoint "Cleanup", Time since last: 4035604800 ns, Reaching safepoint: 22800 ns, Cleanup: 15100 ns, At safepoint: 2900 ns, Total: 40800 ns
[2026-02-02T10:40:56.226+0000][14568][safepoint   ] Safepoint "Cleanup", Time since last: 8055857000 ns, Reaching safepoint: 25500 ns, Cleanup: 22900 ns, At safepoint: 3700 ns, Total: 52100 ns
[2026-02-02T10:40:57.239+0000][14568][safepoint   ] Safepoint "Cleanup", Time since last: 1013209100 ns, Reaching safepoint: 44100 ns, Cleanup: 14200 ns, At safepoint: 18100 ns, Total: 76400 ns
[2026-02-02T10:41:12.335+0000][14568][safepoint   ] Safepoint "Cleanup", Time since last: 15095981600 ns, Reaching safepoint: 20500 ns, Cleanup: 15300 ns, At safepoint: 2600 ns, Total: 38400 ns
[2026-02-02T10:49:27.375+0000][14568][safepoint   ] Safepoint "Cleanup", Time since last: 495039766500 ns, Reaching safepoint: 43600 ns, Cleanup: 150200 ns, At safepoint: 6900 ns, Total: 200700 ns
[2026-02-02T10:49:34.417+0000][14568][safepoint   ] Safepoint "Cleanup", Time since last: 7042172600 ns, Reaching safepoint: 64300 ns, Cleanup: 74000 ns, At safepoint: 4400 ns, Total: 142700 ns
[2026-02-02T10:54:14.244+0000][14568][safepoint   ] Safepoint "Cleanup", Time since last: 279826517000 ns, Reaching safepoint: 59400 ns, Cleanup: 22400 ns, At safepoint: 5100 ns, Total: 86900 ns
[2026-02-02T10:55:27.331+0000][14568][safepoint   ] Safepoint "Cleanup", Time since last: 73087439800 ns, Reaching safepoint: 12300 ns, Cleanup: 12200 ns, At safepoint: 1800 ns, Total: 26300 ns
[2026-02-02T10:56:14.680+0000][14568][safepoint   ] Safepoint "Cleanup", Time since last: 47349010500 ns, Reaching safepoint: 37400 ns, Cleanup: 13800 ns, At safepoint: 2100 ns, Total: 53300 ns
[2026-02-02T11:03:35.386+0000][14568][safepoint   ] Safepoint "Cleanup", Time since last: 440705222200 ns, Reaching safepoint: 15700 ns, Cleanup: 11300 ns, At safepoint: 2000 ns, Total: 29000 ns
[2026-02-02T11:09:58.024+0000][14568][safepoint   ] Safepoint "Cleanup", Time since last: 382638171000 ns, Reaching safepoint: 41100 ns, Cleanup: 103200 ns, At safepoint: 4400 ns, Total: 148700 ns
[2026-02-02T11:09:59.024+0000][14568][safepoint   ] Safepoint "Cleanup", Time since last: 1000038200 ns, Reaching safepoint: 24700 ns, Cleanup: 29800 ns, At safepoint: 4100 ns, Total: 58600 ns
[2026-02-02T11:12:51.647+0000][14568][safepoint   ] Safepoint "Cleanup", Time since last: 172623275900 ns, Reaching safepoint: 38000 ns, Cleanup: 15000 ns, At safepoint: 2500 ns, Total: 55500 ns
[2026-02-02T11:14:41.636+0000][14568][safepoint   ] Safepoint "Cleanup", Time since last: 109988113100 ns, Reaching safepoint: 22300 ns, Cleanup: 16900 ns, At safepoint: 2400 ns, Total: 41600 ns
[2026-02-02T11:16:47.573+0000][14568][safepoint   ] Safepoint "Cleanup", Time since last: 125937709600 ns, Reaching safepoint: 36800 ns, Cleanup: 631400 ns, At safepoint: 71700 ns, Total: 739900 ns
[2026-02-02T11:27:41.717+0000][14568][safepoint   ] Safepoint "Cleanup", Time since last: 654124275000 ns, Reaching safepoint: 15803500 ns, Cleanup: 2794700 ns, At safepoint: 86800 ns, Total: 18685000 ns
[2026-02-02T11:27:42.726+0000][14568][safepoint   ] Safepoint "Cleanup", Time since last: 1008002800 ns, Reaching safepoint: 493200 ns, Cleanup: 450600 ns, At safepoint: 152300 ns, Total: 1096100 ns
[2026-02-02T11:27:46.744+0000][14568][safepoint   ] Safepoint "Cleanup", Time since last: 4017927400 ns, Reaching safepoint: 23500 ns, Cleanup: 22700 ns, At safepoint: 16600 ns, Total: 62800 ns
[2026-02-02T11:27:47.759+0000][14568][safepoint   ] Safepoint "Cleanup", Time since last: 1014451000 ns, Reaching safepoint: 65200 ns, Cleanup: 12800 ns, At safepoint: 219500 ns, Total: 297500 ns
[2026-02-02T11:27:48.773+0000][14568][safepoint   ] Safepoint "Cleanup", Time since last: 1014436800 ns, Reaching safepoint: 16900 ns, Cleanup: 12800 ns, At safepoint: 2200 ns, Total: 31900 ns
[2026-02-02T11:28:09.932+0000][14568][safepoint   ] Safepoint "Cleanup", Time since last: 21158756000 ns, Reaching safepoint: 22000 ns, Cleanup: 15500 ns, At safepoint: 2400 ns, Total: 39900 ns
[2026-02-02T11:28:20.012+0000][14568][safepoint   ] Safepoint "Cleanup", Time since last: 10079554100 ns, Reaching safepoint: 22200 ns, Cleanup: 33300 ns, At safepoint: 4500 ns, Total: 60000 ns
[2026-02-02T11:32:51.326+0000][14568][safepoint   ] Safepoint "Cleanup", Time since last: 271314684200 ns, Reaching safepoint: 25800 ns, Cleanup: 21100 ns, At safepoint: 4100 ns, Total: 51000 ns
[2026-02-02T11:34:39.462+0000][14568][safepoint   ] Safepoint "Cleanup", Time since last: 108135563700 ns, Reaching safepoint: 617200 ns, Cleanup: 11000 ns, At safepoint: 91800 ns, Total: 720000 ns
[2026-02-02T11:34:41.470+0000][14568][safepoint   ] Safepoint "Cleanup", Time since last: 2006906000 ns, Reaching safepoint: 48200 ns, Cleanup: 24100 ns, At safepoint: 5400 ns, Total: 77700 ns
[2026-02-02T11:34:42.472+0000][14568][safepoint   ] Safepoint "Cleanup", Time since last: 1002868700 ns, Reaching safepoint: 33700 ns, Cleanup: 25300 ns, At safepoint: 4900 ns, Total: 63900 ns
[2026-02-02T11:39:24.977+0000][14568][safepoint   ] Safepoint "Cleanup", Time since last: 282503338500 ns, Reaching safepoint: 40000 ns, Cleanup: 690800 ns, At safepoint: 71800 ns, Total: 802600 ns
[2026-02-02T11:39:59.265+0000][14568][safepoint   ] Safepoint "Cleanup", Time since last: 34288339300 ns, Reaching safepoint: 32700 ns, Cleanup: 26200 ns, At safepoint: 3200 ns, Total: 62100 ns
[2026-02-02T11:40:19.377+0000][14568][safepoint   ] Safepoint "Cleanup", Time since last: 20111430900 ns, Reaching safepoint: 21800 ns, Cleanup: 16600 ns, At safepoint: 2500 ns, Total: 40900 ns
[2026-02-02T11:41:00.281+0000][14568][safepoint   ] Safepoint "Cleanup", Time since last: 40904461700 ns, Reaching safepoint: 37600 ns, Cleanup: 21500 ns, At safepoint: 3700 ns, Total: 62800 ns
[2026-02-02T11:41:02.285+0000][14568][safepoint   ] Safepoint "Cleanup", Time since last: 2004076500 ns, Reaching safepoint: 58900 ns, Cleanup: 39900 ns, At safepoint: 3300 ns, Total: 102100 ns
[2026-02-02T11:41:12.350+0000][14568][safepoint   ] Safepoint "Cleanup", Time since last: 10064261100 ns, Reaching safepoint: 30600 ns, Cleanup: 27000 ns, At safepoint: 4700 ns, Total: 62300 ns
[2026-02-02T11:41:43.317+0000][14568][safepoint   ] Safepoint "Cleanup", Time since last: 30966971900 ns, Reaching safepoint: 28500 ns, Cleanup: 21200 ns, At safepoint: 4000 ns, Total: 53700 ns
[2026-02-02T11:42:07.435+0000][14568][safepoint   ] Safepoint "Cleanup", Time since last: 24118441000 ns, Reaching safepoint: 19000 ns, Cleanup: 13400 ns, At safepoint: 2400 ns, Total: 34800 ns
[2026-02-02T11:42:42.593+0000][14568][safepoint   ] Safepoint "Cleanup", Time since last: 35158258600 ns, Reaching safepoint: 24600 ns, Cleanup: 15800 ns, At safepoint: 2300 ns, Total: 42700 ns
[2026-02-02T11:42:54.697+0000][14568][safepoint   ] Safepoint "Cleanup", Time since last: 12103465400 ns, Reaching safepoint: 28400 ns, Cleanup: 20200 ns, At safepoint: 2700 ns, Total: 51300 ns
[2026-02-02T11:44:43.944+0000][14568][safepoint   ] Safepoint "Cleanup", Time since last: 109246699700 ns, Reaching safepoint: 22500 ns, Cleanup: 16900 ns, At safepoint: 2900 ns, Total: 42300 ns
[2026-02-02T11:44:56.048+0000][14568][safepoint   ] Safepoint "Cleanup", Time since last: 12103849700 ns, Reaching safepoint: 29000 ns, Cleanup: 24100 ns, At safepoint: 4800 ns, Total: 57900 ns
[2026-02-02T11:46:06.194+0000][14568][safepoint   ] Safepoint "Cleanup", Time since last: 70146698200 ns, Reaching safepoint: 26400 ns, Cleanup: 21700 ns, At safepoint: 3700 ns, Total: 51800 ns
[2026-02-02T11:46:46.143+0000][14568][safepoint   ] Safepoint "Cleanup", Time since last: 39948130400 ns, Reaching safepoint: 29900 ns, Cleanup: 19900 ns, At safepoint: 2900 ns, Total: 52700 ns
[2026-02-02T11:46:47.155+0000][14568][safepoint   ] Safepoint "Cleanup", Time since last: 1012473600 ns, Reaching safepoint: 46600 ns, Cleanup: 34900 ns, At safepoint: 3300 ns, Total: 84800 ns
[2026-02-02T11:46:50.175+0000][14568][safepoint   ] Safepoint "Cleanup", Time since last: 3019437200 ns, Reaching safepoint: 53300 ns, Cleanup: 32700 ns, At safepoint: 4100 ns, Total: 90100 ns
[2026-02-02T11:46:51.177+0000][14568][safepoint   ] Safepoint "Cleanup", Time since last: 1002358700 ns, Reaching safepoint: 23100 ns, Cleanup: 78700 ns, At safepoint: 4300 ns, Total: 106100 ns
[2026-02-02T11:46:52.183+0000][14568][safepoint   ] Safepoint "Cleanup", Time since last: 1005081300 ns, Reaching safepoint: 1482700 ns, Cleanup: 24700 ns, At safepoint: 39700 ns, Total: 1547100 ns
[2026-02-02T11:46:53.185+0000][14568][safepoint   ] Safepoint "Cleanup", Time since last: 1001382000 ns, Reaching safepoint: 22900 ns, Cleanup: 24500 ns, At safepoint: 2900 ns, Total: 50300 ns
[2026-02-02T11:48:19.669+0000][14568][safepoint   ] Safepoint "Cleanup", Time since last: 86483577200 ns, Reaching safepoint: 28800 ns, Cleanup: 20300 ns, At safepoint: 2700 ns, Total: 51800 ns
[2026-02-02T11:48:20.684+0000][14568][safepoint   ] Safepoint "Cleanup", Time since last: 1014914900 ns, Reaching safepoint: 25300 ns, Cleanup: 16900 ns, At safepoint: 16900 ns, Total: 59100 ns
[2026-02-02T11:48:21.684+0000][14568][safepoint   ] Safepoint "Cleanup", Time since last: 1000603600 ns, Reaching safepoint: 20200 ns, Cleanup: 23800 ns, At safepoint: 14900 ns, Total: 58900 ns
[2026-02-02T11:48:22.689+0000][14568][safepoint   ] Safepoint "Cleanup", Time since last: 1004835400 ns, Reaching safepoint: 41900 ns, Cleanup: 51900 ns, At safepoint: 8300 ns, Total: 102100 ns
[2026-02-02T11:49:13.691+0000][14568][safepoint   ] Safepoint "Cleanup", Time since last: 51001737300 ns, Reaching safepoint: 24500 ns, Cleanup: 15800 ns, At safepoint: 2600 ns, Total: 42900 ns
[2026-02-02T11:49:14.699+0000][14568][safepoint   ] Safepoint "Cleanup", Time since last: 1007393400 ns, Reaching safepoint: 27500 ns, Cleanup: 20300 ns, At safepoint: 4400 ns, Total: 52200 ns
[2026-02-02T11:49:15.701+0000][14568][safepoint   ] Safepoint "Cleanup", Time since last: 1002468400 ns, Reaching safepoint: 23300 ns, Cleanup: 21400 ns, At safepoint: 4700 ns, Total: 49400 ns
[2026-02-02T11:49:57.762+0000][14568][safepoint   ] Safepoint "Cleanup", Time since last: 42060406600 ns, Reaching safepoint: 25100 ns, Cleanup: 30100 ns, At safepoint: 2900 ns, Total: 58100 ns
[2026-02-02T11:50:14.895+0000][14568][safepoint   ] Safepoint "Cleanup", Time since last: 17133578500 ns, Reaching safepoint: 23000 ns, Cleanup: 14300 ns, At safepoint: 2400 ns, Total: 39700 ns
[2026-02-02T11:50:35.624+0000][14568][safepoint   ] Safepoint "Cleanup", Time since last: 20728297900 ns, Reaching safepoint: 19100 ns, Cleanup: 540200 ns, At safepoint: 5800 ns, Total: 565100 ns
[2026-02-02T11:50:36.627+0000][14568][safepoint   ] Safepoint "Cleanup", Time since last: 1003196200 ns, Reaching safepoint: 24400 ns, Cleanup: 110400 ns, At safepoint: 4600 ns, Total: 139400 ns
[2026-02-02T11:50:37.633+0000][14568][safepoint   ] Safepoint "Cleanup", Time since last: 1006099900 ns, Reaching safepoint: 32600 ns, Cleanup: 26500 ns, At safepoint: 5000 ns, Total: 64100 ns
[2026-02-02T11:50:42.667+0000][14568][safepoint   ] Safepoint "Cleanup", Time since last: 5033349600 ns, Reaching safepoint: 21500 ns, Cleanup: 19700 ns, At safepoint: 3700 ns, Total: 44900 ns
[2026-02-02T11:51:43.914+0000][14568][safepoint   ] Safepoint "Cleanup", Time since last: 61247162800 ns, Reaching safepoint: 62900 ns, Cleanup: 21900 ns, At safepoint: 3000 ns, Total: 87800 ns
[2026-02-02T11:53:38.203+0000][14568][safepoint   ] Safepoint "Cleanup", Time since last: 114288940600 ns, Reaching safepoint: 18400 ns, Cleanup: 425800 ns, At safepoint: 4100 ns, Total: 448300 ns
[2026-02-02T11:53:47.267+0000][14568][safepoint   ] Safepoint "Cleanup", Time since last: 9063445500 ns, Reaching safepoint: 23700 ns, Cleanup: 17200 ns, At safepoint: 3500 ns, Total: 44400 ns
[2026-02-02T11:53:49.283+0000][14568][safepoint   ] Safepoint "Cleanup", Time since last: 2015590400 ns, Reaching safepoint: 17600 ns, Cleanup: 12700 ns, At safepoint: 2500 ns, Total: 32800 ns
[2026-02-02T11:53:53.307+0000][14568][safepoint   ] Safepoint "Cleanup", Time since last: 4024312700 ns, Reaching safepoint: 47300 ns, Cleanup: 20900 ns, At safepoint: 3700 ns, Total: 71900 ns
[2026-02-02T11:53:55.321+0000][14568][safepoint   ] Safepoint "Cleanup", Time since last: 2013779400 ns, Reaching safepoint: 22800 ns, Cleanup: 20800 ns, At safepoint: 3100 ns, Total: 46700 ns
[2026-02-02T11:53:56.331+0000][14568][safepoint   ] Safepoint "Cleanup", Time since last: 1009653800 ns, Reaching safepoint: 18700 ns, Cleanup: 14600 ns, At safepoint: 2900 ns, Total: 36200 ns
[2026-02-02T11:53:58.346+0000][14568][safepoint   ] Safepoint "Cleanup", Time since last: 2015145500 ns, Reaching safepoint: 34800 ns, Cleanup: 20400 ns, At safepoint: 3400 ns, Total: 58600 ns
[2026-02-02T11:54:00.357+0000][14568][safepoint   ] Safepoint "Cleanup", Time since last: 2011744000 ns, Reaching safepoint: 31400 ns, Cleanup: 129700 ns, At safepoint: 6000 ns, Total: 167100 ns
[2026-02-02T11:54:03.376+0000][14568][safepoint   ] Safepoint "Cleanup", Time since last: 3018122000 ns, Reaching safepoint: 23500 ns, Cleanup: 19900 ns, At safepoint: 3000 ns, Total: 46400 ns
[2026-02-02T11:54:05.398+0000][14568][safepoint   ] Safepoint "Cleanup", Time since last: 2022194900 ns, Reaching safepoint: 22900 ns, Cleanup: 19300 ns, At safepoint: 3100 ns, Total: 45300 ns
[2026-02-02T11:54:11.437+0000][14568][safepoint   ] Safepoint "Cleanup", Time since last: 6038879200 ns, Reaching safepoint: 24100 ns, Cleanup: 20400 ns, At safepoint: 3300 ns, Total: 47800 ns
[2026-02-02T11:54:15.468+0000][14568][safepoint   ] Safepoint "Cleanup", Time since last: 4031022300 ns, Reaching safepoint: 76500 ns, Cleanup: 19500 ns, At safepoint: 4200 ns, Total: 100200 ns
[2026-02-02T11:54:17.477+0000][14568][safepoint   ] Safepoint "Cleanup", Time since last: 2009056400 ns, Reaching safepoint: 22300 ns, Cleanup: 18700 ns, At safepoint: 3300 ns, Total: 44300 ns
[2026-02-02T11:55:19.725+0000][14568][safepoint   ] Safepoint "Cleanup", Time since last: 62247509100 ns, Reaching safepoint: 49700 ns, Cleanup: 30300 ns, At safepoint: 3800 ns, Total: 83800 ns
[2026-02-02T11:55:35.460+0000][14568][safepoint   ] Safepoint "Cleanup", Time since last: 15735201400 ns, Reaching safepoint: 21900 ns, Cleanup: 67700 ns, At safepoint: 3600 ns, Total: 93200 ns
[2026-02-02T11:55:50.587+0000][14568][safepoint   ] Safepoint "Cleanup", Time since last: 15126478400 ns, Reaching safepoint: 32400 ns, Cleanup: 23600 ns, At safepoint: 4600 ns, Total: 60600 ns
[2026-02-02T11:57:02.779+0000][14568][safepoint   ] Safepoint "Cleanup", Time since last: 72192440000 ns, Reaching safepoint: 29000 ns, Cleanup: 15700 ns, At safepoint: 3000 ns, Total: 47700 ns
[2026-02-02T11:57:17.899+0000][14568][safepoint   ] Safepoint "Cleanup", Time since last: 15119175500 ns, Reaching safepoint: 16100 ns, Cleanup: 13000 ns, At safepoint: 2200 ns, Total: 31300 ns
[2026-02-02T11:57:22.944+0000][14568][safepoint   ] Safepoint "Cleanup", Time since last: 5045540900 ns, Reaching safepoint: 19200 ns, Cleanup: 20400 ns, At safepoint: 2900 ns, Total: 42500 ns
[2026-02-02T11:57:24.952+0000][14568][safepoint   ] Safepoint "Cleanup", Time since last: 2008312700 ns, Reaching safepoint: 31700 ns, Cleanup: 26000 ns, At safepoint: 4800 ns, Total: 62500 ns
[2026-02-02T11:57:27.741+0000][14568][safepoint   ] Safepoint "Cleanup", Time since last: 2788495500 ns, Reaching safepoint: 15600 ns, Cleanup: 11500 ns, At safepoint: 2000 ns, Total: 29100 ns
[2026-02-02T11:57:33.784+0000][14568][safepoint   ] Safepoint "Cleanup", Time since last: 6042789700 ns, Reaching safepoint: 20800 ns, Cleanup: 14000 ns, At safepoint: 2300 ns, Total: 37100 ns
[2026-02-02T11:57:43.870+0000][14568][safepoint   ] Safepoint "Cleanup", Time since last: 10086113700 ns, Reaching safepoint: 20400 ns, Cleanup: 13400 ns, At safepoint: 2800 ns, Total: 36600 ns
[2026-02-02T11:59:38.030+0000][14568][safepoint   ] Safepoint "Cleanup", Time since last: 114159683700 ns, Reaching safepoint: 19900 ns, Cleanup: 580000 ns, At safepoint: 4300 ns, Total: 604200 ns
[2026-02-02T11:59:43.057+0000][14568][safepoint   ] Safepoint "Cleanup", Time since last: 5026459000 ns, Reaching safepoint: 30800 ns, Cleanup: 22200 ns, At safepoint: 3500 ns, Total: 56500 ns
[2026-02-02T12:07:43.595+0000][14568][safepoint   ] Safepoint "Cleanup", Time since last: 480538227500 ns, Reaching safepoint: 22500 ns, Cleanup: 13300 ns, At safepoint: 2400 ns, Total: 38200 ns
[2026-02-02T12:29:46.481+0000][14568][safepoint   ] Safepoint "Cleanup", Time since last: 1322885555000 ns, Reaching safepoint: 42700 ns, Cleanup: 32200 ns, At safepoint: 5300 ns, Total: 80200 ns
[2026-02-02T12:40:47.113+0000][14568][safepoint   ] Safepoint "Cleanup", Time since last: 660632354700 ns, Reaching safepoint: 21200 ns, Cleanup: 18000 ns, At safepoint: 2800 ns, Total: 42000 ns
[2026-02-02T12:43:35.722+0000][14568][safepoint   ] Safepoint "Cleanup", Time since last: 168608970900 ns, Reaching safepoint: 31400 ns, Cleanup: 520200 ns, At safepoint: 6100 ns, Total: 557700 ns
[2026-02-02T12:55:20.727+0000][14568][safepoint   ] Safepoint "Cleanup", Time since last: 705004033699 ns, Reaching safepoint: 87600 ns, Cleanup: 17101 ns, At safepoint: 10600 ns, Total: 115301 ns
[2026-02-02T13:41:47.942+0000][14568][safepoint   ] Safepoint "Cleanup", Time since last: 2787214264400 ns, Reaching safepoint: 66800 ns, Cleanup: 21000 ns, At safepoint: 2500 ns, Total: 90300 ns
[2026-02-02T14:20:19.474+0000][14568][safepoint   ] Safepoint "Cleanup", Time since last: 2311527068500 ns, Reaching safepoint: 2489300 ns, Cleanup: 1578300 ns, At safepoint: 13099 ns, Total: 4080699 ns
[2026-02-02T14:46:49.884+0000][14568][safepoint   ] Safepoint "Cleanup", Time since last: 1590411630701 ns, Reaching safepoint: 1031400 ns, Cleanup: 2452700 ns, At safepoint: 9100 ns, Total: 3493200 ns
[2026-02-02T14:46:54.934+0000][14568][safepoint   ] Safepoint "Cleanup", Time since last: 5045636900 ns, Reaching safepoint: 629400 ns, Cleanup: 17899 ns, At safepoint: 10701 ns, Total: 658000 ns
[2026-02-02T14:46:55.935+0000][14568][safepoint   ] Safepoint "Cleanup", Time since last: 1001516200 ns, Reaching safepoint: 29700 ns, Cleanup: 17899 ns, At safepoint: 2801 ns, Total: 50400 ns
[2026-02-02T14:46:56.970+0000][14568][safepoint   ] Safepoint "Cleanup", Time since last: 1002026300 ns, Reaching safepoint: 32740200 ns, Cleanup: 278500 ns, At safepoint: 24900 ns, Total: 33043600 ns
[2026-02-02T14:46:57.972+0000][14568][safepoint   ] Safepoint "Cleanup", Time since last: 1001315600 ns, Reaching safepoint: 681400 ns, Cleanup: 20000 ns, At safepoint: 69299 ns, Total: 770699 ns
[2026-02-02T14:46:59.990+0000][14568][safepoint   ] Safepoint "Cleanup", Time since last: 2017342801 ns, Reaching safepoint: 28000 ns, Cleanup: 39800 ns, At safepoint: 3399 ns, Total: 71199 ns
[2026-02-02T14:47:01.992+0000][14568][safepoint   ] Safepoint "Cleanup", Time since last: 2001289301 ns, Reaching safepoint: 374900 ns, Cleanup: 12200 ns, At safepoint: 14300 ns, Total: 401400 ns
[2026-02-02T14:47:05.995+0000][14568][safepoint   ] Safepoint "Cleanup", Time since last: 4003159499 ns, Reaching safepoint: 22201 ns, Cleanup: 25300 ns, At safepoint: 3000 ns, Total: 50501 ns
[2026-02-02T14:47:20.056+0000][14568][safepoint   ] Safepoint "Cleanup", Time since last: 14061314299 ns, Reaching safepoint: 20501 ns, Cleanup: 13000 ns, At safepoint: 2400 ns, Total: 35901 ns
[2026-02-02T14:53:35.850+0000][14568][safepoint   ] Safepoint "Cleanup", Time since last: 375793959800 ns, Reaching safepoint: 153799 ns, Cleanup: 46901 ns, At safepoint: 20200 ns, Total: 220900 ns
[2026-02-02T15:03:34.968+0000][14568][safepoint   ] Safepoint "Cleanup", Time since last: 599118076699 ns, Reaching safepoint: 80501 ns, Cleanup: 23300 ns, At safepoint: 3600 ns, Total: 107401 ns
[2026-02-02T15:23:35.489+0000][14568][safepoint   ] Safepoint "Cleanup", Time since last: 1200508887200 ns, Reaching safepoint: 10769499 ns, Cleanup: 495801 ns, At safepoint: 6900 ns, Total: 11272200 ns
[2026-02-02T15:33:50.262+0000][14568][safepoint   ] Safepoint "Cleanup", Time since last: 614773154100 ns, Reaching safepoint: 24600 ns, Cleanup: 15400 ns, At safepoint: 2400 ns, Total: 42400 ns
[2026-02-02T15:42:07.668+0000][14568][gc,start    ] GC(20) Pause Young (Prepare Mixed) (G1 Evacuation Pause)
[2026-02-02T15:42:07.675+0000][14568][gc,task     ] GC(20) Using 13 workers of 13 for evacuation
[2026-02-02T15:42:07.675+0000][14568][gc,age      ] GC(20) Desired survivor size 314572800 bytes, new threshold 15 (max threshold 15)
[2026-02-02T15:42:07.911+0000][14568][gc,mmu      ] GC(20) MMU target violated: 201.0ms (200.0ms/201.0ms)
[2026-02-02T15:42:07.911+0000][14568][gc,phases   ] GC(20)   Pre Evacuate Collection Set: 27.8ms
[2026-02-02T15:42:07.911+0000][14568][gc,phases   ] GC(20)   Merge Heap Roots: 3.6ms
[2026-02-02T15:42:07.911+0000][14568][gc,phases   ] GC(20)   Evacuate Collection Set: 175.2ms
[2026-02-02T15:42:07.911+0000][14568][gc,phases   ] GC(20)   Post Evacuate Collection Set: 24.5ms
[2026-02-02T15:42:07.912+0000][14568][gc,phases   ] GC(20)   Other: 8.2ms
[2026-02-02T15:42:07.912+0000][14568][gc,age      ] GC(20) Age table with threshold 15 (max threshold 15)
[2026-02-02T15:42:07.912+0000][14568][gc,age      ] GC(20) - age   1:    2843264 bytes,    2843264 total
[2026-02-02T15:42:07.912+0000][14568][gc,age      ] GC(20) - age   2:     330912 bytes,    3174176 total
[2026-02-02T15:42:07.912+0000][14568][gc,age      ] GC(20) - age   3:    7032432 bytes,   10206608 total
[2026-02-02T15:42:07.912+0000][14568][gc,age      ] GC(20) - age   4:    7730872 bytes,   17937480 total
[2026-02-02T15:42:07.912+0000][14568][gc,age      ] GC(20) - age   5:    1139304 bytes,   19076784 total
[2026-02-02T15:42:07.912+0000][14568][gc,age      ] GC(20) - age   6:    4089856 bytes,   23166640 total
[2026-02-02T15:42:07.912+0000][14568][gc,age      ] GC(20) - age   7:   23134184 bytes,   46300824 total
[2026-02-02T15:42:07.912+0000][14568][gc,heap     ] GC(20) Eden regions: 1186->0(1195)
[2026-02-02T15:42:07.912+0000][14568][gc,heap     ] GC(20) Survivor regions: 14->13(150)
[2026-02-02T15:42:07.912+0000][14568][gc,heap     ] GC(20) Old regions: 18->18
[2026-02-02T15:42:07.912+0000][14568][gc,heap     ] GC(20) Humongous regions: 2->2
[2026-02-02T15:42:07.912+0000][14568][gc,metaspace] GC(20) Metaspace: 118643K(123264K)->118643K(123264K) NonClass: 103187K(105920K)->103187K(105920K) Class: 15456K(17344K)->15456K(17344K)
[2026-02-02T15:42:07.912+0000][14568][gc          ] GC(20) Pause Young (Prepare Mixed) (G1 Evacuation Pause) 4875M->130M(8056M) 243.065ms
[2026-02-02T15:42:07.912+0000][14568][gc,cpu      ] GC(20) User=0.12s Sys=0.47s Real=0.24s
[2026-02-02T15:42:07.912+0000][14568][safepoint   ] Safepoint "G1CollectForAllocation", Time since last: 497405617100 ns, Reaching safepoint: 55800 ns, Cleanup: 7600 ns, At safepoint: 244787400 ns, Total: 244850800 ns
[2026-02-02T17:00:00.972+0000][14568][safepoint   ] Safepoint "Cleanup", Time since last: 4673053761500 ns, Reaching safepoint: 115100 ns, Cleanup: 12689600 ns, At safepoint: 141900 ns, Total: 12946600 ns
[2026-02-02T17:08:03.150+0000][14568][safepoint   ] Safepoint "Cleanup", Time since last: 482171951400 ns, Reaching safepoint: 33500 ns, Cleanup: 27000 ns, At safepoint: 4700 ns, Total: 65200 ns
[2026-02-02T17:30:00.325+0000][14568][safepoint   ] Safepoint "Cleanup", Time since last: 1317158218700 ns, Reaching safepoint: 15630200 ns, Cleanup: 91300 ns, At safepoint: 92500 ns, Total: 15814000 ns
[2026-02-02T17:30:01.355+0000][14568][safepoint   ] Safepoint "Cleanup", Time since last: 1014140400 ns, Reaching safepoint: 15846600 ns, Cleanup: 36500 ns, At safepoint: 196600 ns, Total: 16079700 ns
[2026-02-02T17:30:02.386+0000][14568][safepoint   ] Safepoint "Cleanup", Time since last: 1015070500 ns, Reaching safepoint: 16043200 ns, Cleanup: 29100 ns, At safepoint: 307600 ns, Total: 16379900 ns
[2026-02-02T17:30:03.400+0000][14568][safepoint   ] Safepoint "Cleanup", Time since last: 1013793700 ns, Reaching safepoint: 17100 ns, Cleanup: 19700 ns, At safepoint: 3300 ns, Total: 40100 ns
[2026-02-02T17:42:53.946+0000][14568][safepoint   ] Safepoint "Cleanup", Time since last: 770545299200 ns, Reaching safepoint: 22600 ns, Cleanup: 25200 ns, At safepoint: 4200 ns, Total: 52000 ns
[2026-02-02T17:43:35.870+0000][14568][safepoint   ] Safepoint "Cleanup", Time since last: 41924499900 ns, Reaching safepoint: 23200 ns, Cleanup: 50100 ns, At safepoint: 4300 ns, Total: 77600 ns
[2026-02-02T18:10:39.248+0000][14568][safepoint   ] Safepoint "Cleanup", Time since last: 1623377778600 ns, Reaching safepoint: 19000 ns, Cleanup: 20800 ns, At safepoint: 3700 ns, Total: 43500 ns
[2026-02-02T18:13:22.234+0000][14568][safepoint   ] Safepoint "Cleanup", Time since last: 162985852200 ns, Reaching safepoint: 21500 ns, Cleanup: 25700 ns, At safepoint: 4100 ns, Total: 51300 ns
[2026-02-02T20:13:35.364+0000][14568][safepoint   ] Safepoint "Cleanup", Time since last: 7213129752800 ns, Reaching safepoint: 2378100 ns, Cleanup: 1489300 ns, At safepoint: 16000 ns, Total: 3883400 ns
[2026-02-02T20:53:35.845+0000][14568][safepoint   ] Safepoint "Cleanup", Time since last: 2400477055600 ns, Reaching safepoint: 50300 ns, Cleanup: 24900 ns, At safepoint: 6200 ns, Total: 81400 ns
[2026-02-02T23:00:58.041+0000][14568][gc,start    ] GC(21) Pause Young (Mixed) (G1 Evacuation Pause)
[2026-02-02T23:00:58.054+0000][14568][gc,task     ] GC(21) Using 13 workers of 13 for evacuation
[2026-02-02T23:00:58.054+0000][14568][gc,age      ] GC(21) Desired survivor size 316669952 bytes, new threshold 15 (max threshold 15)
[2026-02-02T23:00:58.244+0000][14568][gc,phases   ] GC(21)   Pre Evacuate Collection Set: 17.2ms
[2026-02-02T23:00:58.244+0000][14568][gc,phases   ] GC(21)   Merge Heap Roots: 5.3ms
[2026-02-02T23:00:58.244+0000][14568][gc,phases   ] GC(21)   Evacuate Collection Set: 146.9ms
[2026-02-02T23:00:58.244+0000][14568][gc,phases   ] GC(21)   Post Evacuate Collection Set: 15.3ms
[2026-02-02T23:00:58.244+0000][14568][gc,phases   ] GC(21)   Other: 10.2ms
[2026-02-02T23:00:58.244+0000][14568][gc,age      ] GC(21) Age table with threshold 15 (max threshold 15)
[2026-02-02T23:00:58.244+0000][14568][gc,age      ] GC(21) - age   1:     360056 bytes,     360056 total
[2026-02-02T23:00:58.244+0000][14568][gc,age      ] GC(21) - age   2:    2653240 bytes,    3013296 total
[2026-02-02T23:00:58.244+0000][14568][gc,age      ] GC(21) - age   3:     329480 bytes,    3342776 total
[2026-02-02T23:00:58.244+0000][14568][gc,age      ] GC(21) - age   4:    6999928 bytes,   10342704 total
[2026-02-02T23:00:58.244+0000][14568][gc,age      ] GC(21) - age   5:    7600408 bytes,   17943112 total
[2026-02-02T23:00:58.244+0000][14568][gc,age      ] GC(21) - age   6:    1130752 bytes,   19073864 total
[2026-02-02T23:00:58.244+0000][14568][gc,age      ] GC(21) - age   7:    4047984 bytes,   23121848 total
[2026-02-02T23:00:58.244+0000][14568][gc,age      ] GC(21) - age   8:   22033216 bytes,   45155064 total
[2026-02-02T23:00:58.244+0000][14568][gc,heap     ] GC(21) Eden regions: 1195->0(1194)
[2026-02-02T23:00:58.244+0000][14568][gc,heap     ] GC(21) Survivor regions: 13->14(151)
[2026-02-02T23:00:58.244+0000][14568][gc,heap     ] GC(21) Old regions: 18->18
[2026-02-02T23:00:58.244+0000][14568][gc,heap     ] GC(21) Humongous regions: 2->2
[2026-02-02T23:00:58.244+0000][14568][gc,metaspace] GC(21) Metaspace: 119260K(123264K)->119260K(123264K) NonClass: 103690K(105920K)->103690K(105920K) Class: 15569K(17344K)->15569K(17344K)
[2026-02-02T23:00:58.244+0000][14568][gc          ] GC(21) Pause Young (Mixed) (G1 Evacuation Pause) 4910M->128M(8056M) 202.585ms
[2026-02-02T23:00:58.244+0000][14568][gc,cpu      ] GC(21) User=0.12s Sys=0.66s Real=0.20s
[2026-02-02T23:00:58.244+0000][14568][safepoint   ] Safepoint "G1CollectForAllocation", Time since last: 7642191168800 ns, Reaching safepoint: 9426300 ns, Cleanup: 652200 ns, At safepoint: 205634600 ns, Total: 215713100 ns
[2026-02-02T23:13:35.264+0000][14568][safepoint   ] Safepoint "Cleanup", Time since last: 757012329300 ns, Reaching safepoint: 21700 ns, Cleanup: 12600 ns, At safepoint: 2400 ns, Total: 36700 ns
[2026-02-02T23:23:35.594+0000][14568][safepoint   ] Safepoint "Cleanup", Time since last: 600329779700 ns, Reaching safepoint: 23400 ns, Cleanup: 20900 ns, At safepoint: 3600 ns, Total: 47900 ns
[2026-02-02T23:48:32.006+0000][14568][safepoint   ] Safepoint "Cleanup", Time since last: 1496412439000 ns, Reaching safepoint: 25800 ns, Cleanup: 27500 ns, At safepoint: 4700 ns, Total: 58000 ns
[2026-02-03T00:06:02.005+0000][14568][safepoint   ] Safepoint "Cleanup", Time since last: 1049998471400 ns, Reaching safepoint: 19400 ns, Cleanup: 20400 ns, At safepoint: 3700 ns, Total: 43500 ns
[2026-02-03T00:37:44.818+0000][14568][safepoint   ] Safepoint "Cleanup", Time since last: 1902813426700 ns, Reaching safepoint: 27300 ns, Cleanup: 15600 ns, At safepoint: 2700 ns, Total: 45600 ns
[2026-02-03T00:53:35.243+0000][14568][safepoint   ] Safepoint "Cleanup", Time since last: 950424514000 ns, Reaching safepoint: 37500 ns, Cleanup: 22200 ns, At safepoint: 4800 ns, Total: 64500 ns
[2026-02-03T00:54:33.575+0000][14568][safepoint   ] Safepoint "Cleanup", Time since last: 58332307500 ns, Reaching safepoint: 21400 ns, Cleanup: 17400 ns, At safepoint: 3500 ns, Total: 42300 ns
[2026-02-03T01:23:35.074+0000][14568][safepoint   ] Safepoint "Cleanup", Time since last: 1741497100900 ns, Reaching safepoint: 50000 ns, Cleanup: 1761500 ns, At safepoint: 4400 ns, Total: 1815900 ns
[2026-02-03T01:28:35.571+0000][14568][safepoint   ] Safepoint "Cleanup", Time since last: 300496842200 ns, Reaching safepoint: 86300 ns, Cleanup: 197300 ns, At safepoint: 5000 ns, Total: 288600 ns
[2026-02-03T01:30:00.802+0000][14568][safepoint   ] Safepoint "Cleanup", Time since last: 85230488400 ns, Reaching safepoint: 87900 ns, Cleanup: 26800 ns, At safepoint: 6200 ns, Total: 120900 ns
[2026-02-03T02:15:45.742+0000][14568][safepoint   ] Safepoint "Cleanup", Time since last: 2744940488300 ns, Reaching safepoint: 39700 ns, Cleanup: 519700 ns, At safepoint: 8400 ns, Total: 567800 ns
[2026-02-03T03:13:35.660+0000][14568][safepoint   ] Safepoint "Cleanup", Time since last: 3469912768900 ns, Reaching safepoint: 11223000 ns, Cleanup: 1149500 ns, At safepoint: 566500 ns, Total: 12939000 ns
[2026-02-03T05:54:01.764+0000][14568][safepoint   ] Safepoint "Cleanup", Time since last: 9626094619500 ns, Reaching safepoint: 586100 ns, Cleanup: 547400 ns, At safepoint: 22900 ns, Total: 1156400 ns
